,DATE,COUNTRY,TRANSACTIONS,ARRIVALS,LHR_arrivals,non_LHR_arrivals,premium_economy_and_above_arrivals,business_and_above_arrivals,first_arrivals,transactions_non_target,transactions_target,transactions_bronze_and_above,transactions_gold_and_above,transactions_black_and_above,transactions_platinum_and_above,transactions_elite_and_above
0,2022-01-31,EU,465,22568,4396,18172,632,384,14,73.0,392.0,302,224,157,44,6
1,2022-01-31,Greater China,764,84,84,0,13,9,0,98.0,666.0,603,510,352,154,45
2,2022-01-31,Middle East - GCC,901,1463,1330,133,482,263,29,120.0,781.0,704,564,429,140,47
3,2022-01-31,North America,430,4189,3903,286,929,602,54,133.0,297.0,253,175,125,35,19
4,2022-01-31,RO APAC,323,2945,2375,570,686,484,35,57.0,266.0,230,186,118,59,27
5,2022-02-07,EU,1776,106115,21193,84922,2617,1776,146,340.0,1436.0,1049,728,538,127,12
6,2022-02-07,Greater China,3041,254,247,7,49,28,0,409.0,2632.0,2416,1833,1273,565,120
7,2022-02-07,Middle East - GCC,4314,7231,6682,549,1826,1015,138,607.0,3707.0,3357,2600,1906,706,248
8,2022-02-07,North America,1429,18009,16906,1103,4185,2618,202,402.0,1027.0,636,410,251,53,10
9,2022-02-07,RO APAC,1151,11765,9570,2195,2423,1682,93,187.0,964.0,854,624,400,156,39
10,2022-02-14,EU,1921,128537,25459,103078,2770,1831,167,375.0,1546.0,1176,805,585,187,35
11,2022-02-14,Greater China,3688,209,205,4,63,28,0,429.0,3259.0,3091,2394,1733,786,206
12,2022-02-14,Middle East - GCC,4453,8159,7528,631,1755,1285,187,523.0,3930.0,3543,2842,1969,708,246
13,2022-02-14,North America,1563,20095,18884,1211,4298,2526,166,471.0,1092.0,697,469,306,76,3
14,2022-02-14,RO APAC,1347,13918,10661,3257,2579,1796,104,171.0,1176.0,1043,791,557,215,73
15,2022-02-21,EU,1841,123623,22900,100723,3723,1992,188,402.0,1439.0,1044,701,464,127,17
16,2022-02-21,Greater China,3032,281,278,3,59,32,5,355.0,2677.0,2546,1981,1464,674,192
17,2022-02-21,Middle East - GCC,5051,7561,7203,358,2572,1542,197,685.0,4366.0,3888,2965,2080,954,257
18,2022-02-21,North America,1505,25137,23530,1607,6548,3850,200,459.0,1046.0,636,430,249,62,14
19,2022-02-21,RO APAC,1471,13352,10476,2876,3438,2204,120,191.0,1280.0,1091,850,585,239,46
20,2022-02-28,EU,1862,136150,30800,105350,5020,2680,234,393.0,1469.0,1123,769,542,115,13
21,2022-02-28,Greater China,3109,244,233,11,116,67,7,354.0,2755.0,2553,2077,1520,696,131
22,2022-02-28,Middle East - GCC,5226,9597,9026,571,4276,2022,265,755.0,4471.0,3913,3014,2226,885,265
23,2022-02-28,North America,1659,22500,21205,1295,6897,4268,223,465.0,1194.0,727,506,325,59,8
24,2022-02-28,RO APAC,1477,13759,10686,3073,4089,2448,112,241.0,1236.0,1107,890,577,236,55
25,2022-03-07,EU,1884,153316,39514,113802,4747,2856,256,439.0,1445.0,1055,784,557,127,11
26,2022-03-07,Greater China,3212,390,365,25,134,50,0,451.0,2761.0,2684,2028,1469,629,167
27,2022-03-07,Middle East - GCC,6843,8872,8274,598,2976,1941,294,988.0,5855.0,5036,4024,2995,1123,296
28,2022-03-07,North America,1687,32618,30881,1737,9151,5427,233,512.0,1175.0,716,460,298,61,12
29,2022-03-07,RO APAC,1433,16658,13462,3196,4734,2741,144,203.0,1230.0,1075,861,614,233,49
30,2022-03-14,EU,2099,157214,40868,116346,5266,3167,290,416.0,1683.0,1223,929,660,197,37
31,2022-03-14,Greater China,3309,256,225,31,110,61,6,349.0,2960.0,2798,2197,1557,772,145
32,2022-03-14,Middle East - GCC,7906,13918,13243,675,5415,2799,363,865.0,7041.0,6110,4897,3396,1366,328
33,2022-03-14,North America,1923,45669,42812,2857,11755,6508,302,529.0,1394.0,869,557,362,115,53
34,2022-03-14,RO APAC,1642,17688,14718,2970,4933,2980,169,285.0,1357.0,1172,961,651,287,56
35,2022-03-21,EU,1751,151845,39460,112385,5279,3009,291,378.0,1373.0,951,711,476,149,18
36,2022-03-21,Greater China,3096,358,330,28,109,63,5,367.0,2729.0,2566,1912,1393,685,134
37,2022-03-21,Middle East - GCC,9864,10640,9806,834,3294,2236,283,1166.0,8698.0,7686,6258,4502,1625,535
38,2022-03-21,North America,1991,40350,37991,2359,10745,5922,316,605.0,1386.0,804,525,312,89,39
39,2022-03-21,RO APAC,1607,19576,16335,3241,5663,3312,147,225.0,1382.0,1187,933,656,248,28
40,2022-03-28,EU,2819,173296,42692,130604,5636,3049,325,903.0,1916.0,1457,1093,785,225,19
41,2022-03-28,Greater China,4228,375,359,16,145,68,3,531.0,3697.0,3425,2659,1910,867,205
42,2022-03-28,Middle East - GCC,10880,12612,11291,1321,3752,2098,258,1912.0,8968.0,7663,5951,4119,1601,430
43,2022-03-28,North America,3169,39169,37032,2137,10232,5962,285,1383.0,1786.0,1090,765,451,107,34
44,2022-03-28,RO APAC,2296,20630,15306,5324,5192,3224,160,433.0,1863.0,1538,1157,819,285,61
45,2022-04-04,EU,2252,225647,46838,178809,5229,2368,319,546.0,1706.0,1308,914,566,155,18
46,2022-04-04,Greater China,3091,554,515,39,238,91,5,374.0,2717.0,2490,1939,1398,676,161
47,2022-04-04,Middle East - GCC,5303,8410,7687,723,1563,992,101,670.0,4633.0,4033,3136,2195,884,271
48,2022-04-04,North America,2023,48862,46144,2718,11666,6502,318,633.0,1390.0,774,498,316,71,19
49,2022-04-04,RO APAC,1939,30444,19220,11224,5870,3597,188,327.0,1612.0,1383,995,748,303,40
50,2022-04-11,EU,2000,238210,59376,178834,7714,3301,414,442.0,1558.0,1101,851,599,156,26
51,2022-04-11,Greater China,3378,560,522,38,209,88,5,436.0,2942.0,2705,2072,1449,645,126
52,2022-04-11,Middle East - GCC,2247,7371,6834,537,1131,669,74,267.0,1980.0,1854,1500,1076,471,102
53,2022-04-11,North America,1727,54421,50991,3430,11456,5805,278,512.0,1215.0,717,522,325,61,11
54,2022-04-11,RO APAC,1961,37189,23924,13265,6898,4101,212,336.0,1625.0,1397,1055,803,366,57
55,2022-04-18,EU,1888,205079,57457,147622,7950,2877,311,494.0,1394.0,1053,743,550,163,8
56,2022-04-18,Greater China,3268,465,433,32,147,53,1,448.0,2820.0,2621,1976,1437,644,200
57,2022-04-18,Middle East - GCC,1716,5257,4889,368,1305,587,46,188.0,1528.0,1441,1168,778,336,135
58,2022-04-18,North America,1592,42728,39885,2843,9302,4542,221,499.0,1093.0,714,442,290,89,11
59,2022-04-18,RO APAC,2043,26425,16238,10187,6003,2928,146,436.0,1607.0,1307,886,598,256,31
60,2022-04-25,EU,2178,208569,53138,155431,8910,3564,414,460.0,1718.0,1235,953,640,216,48
61,2022-04-25,Greater China,3116,512,480,32,183,75,1,361.0,2755.0,2618,2050,1426,673,168
62,2022-04-25,Middle East - GCC,1863,6935,6524,411,2824,1247,79,231.0,1632.0,1553,1217,855,379,85
63,2022-04-25,North America,1814,45182,42440,2742,14181,8059,299,624.0,1190.0,701,454,320,86,5
64,2022-04-25,RO APAC,1650,25030,14598,10432,7537,3832,158,319.0,1331.0,1115,900,579,210,33
65,2022-05-02,EU,2172,212789,53255,159534,7587,3198,343,532.0,1640.0,1176,838,554,132,21
66,2022-05-02,Greater China,2920,592,550,42,209,88,2,391.0,2529.0,2440,1849,1284,583,123
67,2022-05-02,Middle East - GCC,3125,19190,17773,1417,7065,2602,319,401.0,2724.0,2359,1836,1307,509,96
68,2022-05-02,North America,1817,50841,46698,4143,13302,7281,299,500.0,1317.0,884,609,373,103,9
69,2022-05-02,RO APAC,1728,34076,21637,12439,7860,4468,271,329.0,1399.0,1183,954,654,237,36
70,2022-05-09,EU,3283,220900,53823,167077,7314,3433,406,1144.0,2139.0,1605,1188,807,230,44
71,2022-05-09,Greater China,4760,493,445,48,206,112,1,622.0,4138.0,3858,2948,2058,958,220
72,2022-05-09,Middle East - GCC,9343,14037,13193,844,4709,2610,332,2451.0,6892.0,5766,4266,2839,981,210
73,2022-05-09,North America,3369,61200,54699,6501,16248,8789,337,1728.0,1641.0,1072,734,409,80,14
74,2022-05-09,RO APAC,2710,35297,23520,11777,7543,4907,288,756.0,1954.0,1675,1266,954,362,73
75,2022-05-16,EU,2184,219161,52216,166945,7338,3505,420,500.0,1684.0,1266,960,629,167,33
76,2022-05-16,Greater China,3267,604,549,55,211,117,1,418.0,2849.0,2719,2144,1556,660,148
77,2022-05-16,Middle East - GCC,6395,10693,10069,624,2734,2016,267,927.0,5468.0,4746,3550,2422,904,257
78,2022-05-16,North America,2026,66075,60312,5763,18432,10279,401,797.0,1229.0,731,486,296,64,15
79,2022-05-16,RO APAC,2247,36788,24940,11848,7772,5108,310,471.0,1776.0,1569,1148,785,373,83
80,2022-05-23,EU,2297,214031,50262,163769,7460,3317,520,448.0,1849.0,1440,1087,788,222,27
81,2022-05-23,Greater China,3256,584,528,56,201,123,3,389.0,2867.0,2721,2130,1540,770,135
82,2022-05-23,Middle East - GCC,5311,10597,10018,579,2838,2020,274,686.0,4625.0,3983,3036,2150,981,318
83,2022-05-23,North America,2129,70346,64501,5845,19119,10508,403,726.0,1403.0,922,556,319,50,5
84,2022-05-23,RO APAC,2195,37879,25336,12543,7733,5229,315,461.0,1734.0,1507,1115,786,303,64
85,2022-05-30,EU,2585,214823,52507,162316,7733,3439,308,581.0,2004.0,1487,1065,788,247,40
86,2022-05-30,Greater China,3111,792,722,70,325,153,1,394.0,2717.0,2610,2058,1377,739,185
87,2022-05-30,Middle East - GCC,5369,10048,9342,706,2479,1704,174,834.0,4535.0,3888,3009,2201,864,277
88,2022-05-30,North America,2097,78664,72184,6480,17907,9100,331,732.0,1365.0,874,570,409,95,55
89,2022-05-30,RO APAC,2302,40041,27306,12735,7745,4988,325,426.0,1876.0,1659,1284,878,405,106
90,2022-06-06,EU,1995,212517,45052,167465,9084,3148,295,518.0,1477.0,1141,853,656,146,39
91,2022-06-06,Greater China,3344,1003,918,85,416,198,2,512.0,2832.0,2702,1977,1346,572,94
92,2022-06-06,Middle East - GCC,4615,9572,9071,501,3427,1966,232,643.0,3972.0,3543,2746,1996,741,202
93,2022-06-06,North America,2118,73492,67694,5798,20080,10987,397,720.0,1398.0,813,561,334,53,18
94,2022-06-06,RO APAC,2492,43369,28040,15329,10106,5871,306,531.0,1961.0,1811,1391,1033,417,109
95,2022-06-13,EU,2083,231261,53964,177297,10222,3906,476,462.0,1621.0,1246,909,617,176,25
96,2022-06-13,Greater China,3507,1029,945,84,398,203,12,536.0,2971.0,2856,2210,1502,737,188
97,2022-06-13,Middle East - GCC,4781,14368,13393,975,4773,2641,283,775.0,4006.0,3794,2963,2253,1003,304
98,2022-06-13,North America,2092,85747,79624,6123,24468,12999,454,641.0,1451.0,958,594,374,82,29
99,2022-06-13,RO APAC,2569,49779,34216,15563,12052,6929,407,568.0,2001.0,1859,1380,986,352,39
100,2022-06-20,EU,2159,231737,52356,179381,8760,3830,448,471.0,1688.0,1325,1043,732,268,33
101,2022-06-20,Greater China,4378,1482,1393,89,556,274,2,683.0,3695.0,3507,2688,1880,734,188
102,2022-06-20,Middle East - GCC,6095,18827,17740,1087,5628,2966,319,738.0,5357.0,4850,3815,2828,1100,347
103,2022-06-20,North America,2304,91314,84331,6983,24357,12921,467,859.0,1445.0,966,583,371,91,21
104,2022-06-20,RO APAC,3331,54380,38061,16319,12863,7029,456,618.0,2713.0,2409,1882,1375,509,64
105,2022-06-27,EU,2111,227873,51814,176059,10039,3958,379,465.0,1646.0,1261,945,648,197,49
106,2022-06-27,Greater China,3543,2090,1938,152,768,328,3,480.0,3063.0,2890,2177,1529,731,129
107,2022-06-27,Middle East - GCC,6816,20439,19427,1012,5899,3262,401,811.0,6005.0,5468,4367,3401,1395,417
108,2022-06-27,North America,2395,96729,89343,7386,26293,14281,464,819.0,1576.0,1136,710,382,73,20
109,2022-06-27,RO APAC,3229,59253,42960,16293,14608,7562,495,549.0,2680.0,2246,1693,1190,312,51
110,2022-07-04,EU,2550,243890,58776,185114,11953,4495,433,626.0,1924.0,1534,1119,842,219,55
111,2022-07-04,Greater China,4685,2519,2281,238,924,359,2,722.0,3963.0,3748,2793,1869,830,160
112,2022-07-04,Middle East - GCC,9138,30430,28343,2087,9936,4471,589,910.0,8228.0,7551,5987,4582,1862,465
113,2022-07-04,North America,3062,102883,94270,8613,25112,12766,408,938.0,2124.0,1528,1015,641,136,18
114,2022-07-04,RO APAC,4075,59259,42769,16490,14464,7458,541,615.0,3460.0,2944,2291,1575,526,192
115,2022-07-11,EU,2672,244261,57982,186279,11117,3884,421,936.0,1736.0,1222,887,632,191,36
116,2022-07-11,Greater China,5594,2046,1901,145,780,291,3,1072.0,4522.0,4174,3107,2171,996,195
117,2022-07-11,Middle East - GCC,13330,37795,34318,3477,11687,5090,649,2108.0,11222.0,10130,7832,5808,2133,620
118,2022-07-11,North America,4700,93676,86526,7150,23629,13228,449,2444.0,2256.0,1569,971,620,111,15
119,2022-07-11,RO APAC,4736,61112,43738,17374,13477,7019,402,1162.0,3574.0,2999,2191,1509,503,117
120,2022-07-18,EU,1812,241305,60009,181296,10561,3450,261,519.0,1293.0,908,672,453,135,24
121,2022-07-18,Greater China,3897,1956,1834,122,710,282,0,657.0,3240.0,3004,2276,1612,650,140
122,2022-07-18,Middle East - GCC,14168,29077,27064,2013,8045,4632,516,1765.0,12403.0,11078,8622,6123,2062,531
123,2022-07-18,North America,3131,85126,78744,6382,21031,11759,368,1207.0,1924.0,1180,735,502,135,41
124,2022-07-18,RO APAC,3611,59544,41749,17795,12832,6842,377,795.0,2816.0,2363,1703,1074,360,81
125,2022-07-25,EU,2538,235331,56105,179226,8306,2847,229,1061.0,1477.0,1165,918,645,227,45
126,2022-07-25,Greater China,5176,1629,1559,70,489,188,4,1071.0,4105.0,3824,2889,2061,931,234
127,2022-07-25,Middle East - GCC,16408,25327,23761,1566,5507,3304,388,2525.0,13883.0,12735,10276,7362,2401,620
128,2022-07-25,North America,4272,80066,73458,6608,17321,9604,358,2211.0,2061.0,1168,747,459,99,1
129,2022-07-25,RO APAC,3940,55619,37858,17761,10634,5564,293,1142.0,2798.0,2301,1709,1139,402,88
130,2022-08-01,EU,1617,231333,54590,176743,7711,2775,234,418.0,1199.0,904,642,484,165,41
131,2022-08-01,Greater China,3299,1322,1234,88,400,178,7,514.0,2785.0,2643,1988,1302,644,152
132,2022-08-01,Middle East - GCC,13936,27238,25160,2078,5915,3152,288,1931.0,12005.0,11150,8831,6268,2309,618
133,2022-08-01,North America,2660,78146,71459,6687,15155,8218,319,1038.0,1622.0,1000,609,361,74,3
134,2022-08-01,RO APAC,2290,53206,35612,17594,9997,4774,270,512.0,1778.0,1503,977,698,282,43
135,2022-08-08,EU,1508,232000,53396,178604,6606,2451,211,383.0,1125.0,894,618,456,123,32
136,2022-08-08,Greater China,3332,1205,1135,70,338,153,1,530.0,2802.0,2621,2022,1542,756,135
137,2022-08-08,Middle East - GCC,13617,22802,20722,2080,5144,2870,257,1692.0,11925.0,11057,8776,6242,2356,624
138,2022-08-08,North America,2539,71135,64878,6257,14072,7360,279,995.0,1544.0,994,542,340,51,1
139,2022-08-08,RO APAC,2112,50947,33501,17446,9152,4635,204,479.0,1633.0,1384,1025,727,307,60
140,2022-08-15,EU,1679,222568,50200,172368,6423,2530,243,510.0,1169.0,899,666,480,139,15
141,2022-08-15,Greater China,3135,1158,1107,51,365,158,0,512.0,2623.0,2611,1982,1420,633,89
142,2022-08-15,Middle East - GCC,14655,19624,17763,1861,5696,2329,207,1806.0,12849.0,11803,9356,6904,2340,650
143,2022-08-15,North America,2567,65556,59006,6550,13485,7189,275,983.0,1584.0,1029,563,355,86,6
144,2022-08-15,RO APAC,1750,47707,31015,16692,9965,4672,217,433.0,1317.0,1176,825,612,256,70
145,2022-08-22,EU,1452,215731,47855,167876,6644,2545,192,452.0,1000.0,782,555,399,108,39
146,2022-08-22,Greater China,2957,1224,1179,45,432,195,14,458.0,2499.0,2436,1906,1390,601,92
147,2022-08-22,Middle East - GCC,12991,14942,13570,1372,5384,2077,180,1779.0,11212.0,10334,8187,6077,2061,519
148,2022-08-22,North America,2390,63324,56928,6396,13052,6655,247,892.0,1498.0,1036,574,345,84,10
149,2022-08-22,RO APAC,1675,42059,27370,14689,10325,4594,267,453.0,1222.0,1139,914,650,214,40
150,2022-08-29,EU,1639,199371,42333,157038,6961,2499,276,434.0,1205.0,907,714,462,117,24
151,2022-08-29,Greater China,3338,1792,1740,52,667,278,-2,552.0,2786.0,2689,2100,1465,617,122
152,2022-08-29,Middle East - GCC,12079,11085,10150,935,4143,1742,171,1621.0,10458.0,9778,7571,5635,2094,424
153,2022-08-29,North America,2014,56944,51174,5770,13503,7118,290,698.0,1316.0,982,612,422,91,34
154,2022-08-29,RO APAC,1531,35756,22558,13198,10720,5051,283,353.0,1178.0,1028,762,598,267,108
155,2022-09-05,EU,1690,196607,40011,156596,9722,3472,276,320.0,1370.0,1067,790,557,166,23
156,2022-09-05,Greater China,3802,2152,2060,92,836,268,4,587.0,3215.0,3087,2407,1766,785,130
157,2022-09-05,Middle East - GCC,9030,9174,8556,618,4261,2299,270,1011.0,8019.0,7416,5897,4411,1677,419
158,2022-09-05,North America,1786,66342,59934,6408,17356,8633,293,578.0,1208.0,870,572,365,76,13
159,2022-09-05,RO APAC,1794,38368,25601,12767,13343,6388,396,383.0,1411.0,1222,895,598,313,94
160,2022-09-12,EU,2084,203111,44282,158829,8782,3481,408,440.0,1644.0,1395,1007,666,211,36
161,2022-09-12,Greater China,3964,1967,1859,108,926,376,3,644.0,3320.0,3220,2509,1790,674,142
162,2022-09-12,Middle East - GCC,7460,10598,9622,976,4817,2463,282,796.0,6664.0,6253,4881,3613,1452,416
163,2022-09-12,North America,1620,76595,69072,7523,21486,11619,418,561.0,1059.0,756,507,330,85,18
164,2022-09-12,RO APAC,1911,47326,34105,13221,14853,6990,428,363.0,1548.0,1354,1022,691,255,41
165,2022-09-19,EU,1876,201574,42419,159155,9255,3490,318,369.0,1507.0,1164,852,563,154,30
166,2022-09-19,Greater China,3484,1850,1737,113,855,362,4,587.0,2897.0,2803,2193,1528,622,126
167,2022-09-19,Middle East - GCC,5697,12030,10907,1123,4929,2625,272,803.0,4894.0,4520,3632,2636,1172,349
168,2022-09-19,North America,1561,66552,60176,6376,17044,8930,305,426.0,1135.0,785,518,346,71,24
169,2022-09-19,RO APAC,1838,42219,31132,11087,12626,5745,353,437.0,1401.0,1280,995,754,292,47
170,2022-09-26,EU,2940,202638,46106,156532,10510,4038,442,924.0,2016.0,1712,1297,836,196,25
171,2022-09-26,Greater China,6562,1533,1414,119,746,316,9,1390.0,5172.0,5088,3925,2746,1221,293
172,2022-09-26,Middle East - GCC,9808,12018,10826,1192,4990,2622,279,1873.0,7935.0,7512,5978,4516,1884,590
173,2022-09-26,North America,2933,69426,62832,6594,18583,10046,364,1172.0,1761.0,1325,871,534,132,15
174,2022-09-26,RO APAC,3529,45244,33378,11866,13380,6369,369,990.0,2539.0,2249,1673,1233,488,78
175,2022-10-03,EU,2322,200712,46940,153772,9540,3600,289,507.0,1815.0,1463,1062,681,210,43
176,2022-10-03,Greater China,5065,1529,1431,98,604,292,4,857.0,4208.0,4071,3217,2257,892,197
177,2022-10-03,Middle East - GCC,7223,11971,11067,904,4112,2128,226,1065.0,6158.0,5772,4537,3441,1194,284
178,2022-10-03,North America,2130,72361,66076,6285,17994,9455,327,752.0,1378.0,1071,702,441,120,8
179,2022-10-03,RO APAC,2557,41324,29697,11627,10273,5258,288,598.0,1959.0,1692,1358,881,354,50
180,2022-10-10,EU,2381,209185,52090,157095,8689,3744,244,522.0,1859.0,1481,1113,695,189,9
181,2022-10-10,Greater China,4738,1576,1477,99,526,292,5,912.0,3826.0,3802,3006,2067,910,167
182,2022-10-10,Middle East - GCC,6551,10941,10284,657,2989,2019,240,859.0,5692.0,5367,4054,3018,1159,277
183,2022-10-10,North America,2020,77915,71075,6840,19459,10411,348,662.0,1358.0,1148,763,488,66,17
184,2022-10-10,RO APAC,2388,39631,28776,10855,8484,5045,266,477.0,1911.0,1679,1261,853,302,21
185,2022-10-17,EU,2352,203624,51735,151889,7512,3933,463,448.0,1904.0,1537,1183,695,168,20
186,2022-10-17,Greater China,4888,1755,1679,76,581,360,9,864.0,4024.0,3868,3087,2084,784,128
187,2022-10-17,Middle East - GCC,6966,13006,11851,1155,3134,2244,238,983.0,5983.0,5578,4332,3127,1279,299
188,2022-10-17,North America,1949,61311,56116,5195,16545,9066,286,660.0,1289.0,1003,604,355,85,22
189,2022-10-17,RO APAC,2249,35281,25674,9607,7441,4856,240,469.0,1780.0,1588,1217,844,307,53
190,2022-10-24,EU,2425,200989,50685,150304,7954,3735,361,555.0,1870.0,1543,1219,779,169,11
191,2022-10-24,Greater China,5003,1697,1652,45,476,336,0,830.0,4173.0,3922,3191,2115,860,146
192,2022-10-24,Middle East - GCC,7307,11144,10262,882,2546,1777,159,1117.0,6190.0,5757,4583,3255,1271,319
193,2022-10-24,North America,1912,55282,50107,5175,13874,7224,275,591.0,1321.0,1111,770,488,108,15
194,2022-10-24,RO APAC,2027,32278,23399,8879,6305,4004,178,435.0,1592.0,1329,1030,724,241,30
195,2022-10-31,EU,3948,204753,62687,142066,12062,4573,249,1602.0,2346.0,1915,1403,939,259,17
196,2022-10-31,Greater China,6007,1184,1139,45,368,247,4,1270.0,4737.0,4610,3607,2393,1031,187
197,2022-10-31,Middle East - GCC,8166,7889,7245,644,2503,1589,161,1697.0,6469.0,6046,4599,3277,1245,262
198,2022-10-31,North America,2482,43526,40051,3475,11690,6315,220,1056.0,1426.0,1193,749,472,100,5
199,2022-10-31,RO APAC,2854,25249,18041,7208,5917,3624,160,768.0,2086.0,1795,1387,954,348,56
200,2022-11-07,EU,2706,199288,64227,135061,6851,4032,197,724.0,1982.0,1534,1185,760,219,37
201,2022-11-07,Greater China,4457,2124,2033,91,514,373,1,833.0,3624.0,3560,2824,1950,800,131
202,2022-11-07,Middle East - GCC,6111,11371,10611,760,3157,2420,266,1016.0,5095.0,4906,3984,2670,953,222
203,2022-11-07,North America,1823,50892,47513,3379,14976,8310,285,558.0,1265.0,999,664,437,83,4
204,2022-11-07,RO APAC,1900,30757,24837,5920,6608,4178,161,363.0,1537.0,1346,1108,783,293,43
205,2022-11-14,EU,2544,185665,57923,127742,5722,3844,154,574.0,1970.0,1618,1138,787,195,16
206,2022-11-14,Greater China,4456,1785,1726,59,471,317,4,722.0,3734.0,3602,2778,2005,805,132
207,2022-11-14,Middle East - GCC,5734,9809,9093,716,2405,1973,193,876.0,4858.0,4613,3584,2345,901,192
208,2022-11-14,North America,1860,53181,49276,3905,15001,8615,282,605.0,1255.0,1058,715,459,129,30
209,2022-11-14,RO APAC,1935,29199,23725,5474,5847,4159,180,402.0,1533.0,1411,1104,765,327,37
210,2022-11-21,EU,2607,185697,58715,126982,6105,4108,148,633.0,1974.0,1666,1187,807,159,17
211,2022-11-21,Greater China,4434,1774,1726,48,440,288,3,704.0,3730.0,3679,2947,1945,791,168
212,2022-11-21,Middle East - GCC,6344,13636,12578,1058,3321,2528,231,940.0,5404.0,5003,3993,2666,850,195
213,2022-11-21,North America,1881,63162,58190,4972,14901,7510,301,651.0,1230.0,1037,662,405,124,10
214,2022-11-21,RO APAC,1962,27992,22125,5867,5104,3484,200,415.0,1547.0,1397,1118,709,263,37
215,2022-11-28,EU,4475,189047,62427,126620,6600,4415,87,1835.0,2640.0,2189,1596,1064,248,16
216,2022-11-28,Greater China,6971,1470,1391,79,440,292,8,1649.0,5322.0,5176,4098,2587,1062,231
217,2022-11-28,Middle East - GCC,10260,22682,21045,1637,4824,3472,430,2226.0,8034.0,7301,5576,3907,1333,293
218,2022-11-28,North America,2964,49453,45211,4242,12721,7125,286,1284.0,1680.0,1327,878,458,93,2
219,2022-11-28,RO APAC,2700,28399,22284,6115,5861,3940,168,829.0,1871.0,1695,1255,953,374,99
220,2022-12-05,EU,3437,199016,66682,132334,7356,4825,57,954.0,2483.0,1968,1456,1007,246,6
221,2022-12-05,Greater China,4077,1646,1562,84,437,297,1,683.0,3394.0,3328,2667,1803,746,153
222,2022-12-05,Middle East - GCC,10275,16041,14639,1402,3651,2960,315,2028.0,8247.0,7588,5908,4061,1465,344
223,2022-12-05,North America,2148,50988,47377,3611,15880,9171,346,736.0,1412.0,1095,773,456,160,5
224,2022-12-05,RO APAC,1873,31038,24467,6571,6502,4084,218,455.0,1418.0,1295,1004,755,255,53
225,2022-12-12,EU,3855,189234,58174,131060,5855,3821,15,1223.0,2632.0,2185,1643,1085,331,29
226,2022-12-12,Greater China,5185,2100,1944,156,660,411,20,841.0,4344.0,4329,3516,2423,913,177
227,2022-12-12,Middle East - GCC,9400,15309,13523,1786,3430,2801,261,1275.0,8125.0,7393,5838,4035,1388,451
228,2022-12-12,North America,2643,48223,44571,3652,13139,7236,279,838.0,1805.0,1476,977,660,174,11
229,2022-12-12,RO APAC,2364,36613,29243,7370,7994,4518,244,487.0,1877.0,1685,1377,1003,366,99
230,2022-12-19,EU,3498,196652,50960,145692,4382,2973,23,1030.0,2468.0,2066,1503,1039,242,22
231,2022-12-19,Greater China,5095,4152,3803,349,1244,618,26,838.0,4257.0,4107,3282,2232,1040,204
232,2022-12-19,Middle East - GCC,9172,22192,19564,2628,4605,3493,382,1374.0,7798.0,7111,5711,4000,1505,391
233,2022-12-19,North America,2597,69127,63721,5406,17090,8699,271,813.0,1784.0,1514,1114,661,190,30
234,2022-12-19,RO APAC,2678,48737,39312,9425,11078,5486,285,635.0,2043.0,1838,1436,978,373,108
235,2022-12-26,EU,3198,200102,55693,144409,4533,2772,29,845.0,2353.0,1842,1176,758,193,39
236,2022-12-26,Greater China,7994,3118,2728,390,777,401,18,1894.0,6100.0,5912,4489,2680,834,137
237,2022-12-26,Middle East - GCC,11477,17984,16181,1803,3667,2832,284,1659.0,9818.0,8822,7071,4897,1803,407
238,2022-12-26,North America,2892,67946,62676,5270,17003,9105,282,818.0,2074.0,1558,1042,605,185,31
239,2022-12-26,RO APAC,3595,39802,32418,7384,8936,4822,240,851.0,2744.0,2414,1769,1153,436,126
240,2023-01-02,EU,3975,169541,43070,126471,3999,2212,56,1775.0,2200.0,1708,1186,723,193,32
241,2023-01-02,Greater China,7430,1089,1022,67,308,146,11,2055.0,5375.0,5142,3792,2382,945,171
242,2023-01-02,Middle East - GCC,16292,10350,9268,1082,2393,1890,135,3125.0,13167.0,11766,9236,6263,2312,515
243,2023-01-02,North America,3462,45066,41100,3966,11033,5332,164,1561.0,1901.0,1482,955,492,153,1
244,2023-01-02,RO APAC,4380,21500,16287,5213,5208,2998,164,1636.0,2744.0,2375,1796,1059,320,51
245,2023-01-09,EU,2423,164618,37181,127437,3577,2298,13,641.0,1782.0,1433,1002,623,200,38
246,2023-01-09,Greater China,4623,2321,2273,48,734,298,9,980.0,3643.0,3704,3158,2024,804,140
247,2023-01-09,Middle East - GCC,9990,8518,6945,1573,2266,1903,178,1377.0,8613.0,7952,6323,4179,1390,369
248,2023-01-09,North America,2014,27221,23952,3269,8746,4949,146,712.0,1302.0,1142,811,503,180,13
249,2023-01-09,RO APAC,2662,18188,13267,4921,4737,3032,109,740.0,1922.0,1828,1390,892,346,42
250,2023-01-16,EU,3103,180082,48552,131530,4163,2780,10,923.0,2180.0,1735,1296,770,245,32
251,2023-01-16,Greater China,6124,2102,2022,80,765,451,13,1389.0,4735.0,4593,3750,2387,1103,197
252,2023-01-16,Middle East - GCC,7867,10119,8319,1800,2720,2256,222,1219.0,6648.0,6328,5161,3290,1001,206
253,2023-01-16,North America,2461,43328,39308,4020,10385,5814,169,882.0,1579.0,1404,1015,589,128,9
254,2023-01-16,RO APAC,2756,22983,17510,5473,5004,3567,127,819.0,1937.0,1793,1470,975,410,68
255,2023-01-23,EU,2231,181435,46562,134873,4420,2950,6,509.0,1722.0,1485,1116,736,165,9
256,2023-01-23,Greater China,4647,4424,4337,87,1157,674,18,871.0,3776.0,3744,3113,2022,842,104
257,2023-01-23,Middle East - GCC,6742,11851,9856,1995,2773,2274,201,898.0,5844.0,5440,4492,2711,907,180
258,2023-01-23,North America,1490,45008,41389,3619,10504,6325,227,495.0,995.0,924,646,325,87,8
259,2023-01-23,RO APAC,1562,24970,19171,5799,4726,3456,120,358.0,1204.0,1128,896,573,210,18
260,2023-01-30,EU,2134,182850,49700,133150,4492,3037,11,509.0,1625.0,1388,1057,748,192,19
261,2023-01-30,Greater China,4552,1971,1922,49,606,384,6,848.0,3704.0,3744,3156,1960,826,139
262,2023-01-30,Middle East - GCC,7148,10549,8777,1772,2260,1883,137,1029.0,6119.0,5547,4445,2631,743,202
263,2023-01-30,North America,1483,37319,34364,2955,9445,5921,162,360.0,1123.0,939,637,319,96,28
264,2023-01-30,RO APAC,1699,23189,17477,5712,4288,3244,118,365.0,1334.0,1189,979,655,248,66
265,2023-02-06,EU,2626,200269,53372,146897,5506,3586,10,501.0,2125.0,1801,1348,889,229,42
266,2023-02-06,Greater China,4481,2003,1959,44,743,479,8,723.0,3758.0,3771,3273,2085,840,138
267,2023-02-06,Middle East - GCC,6774,9301,7576,1725,2298,1994,230,1034.0,5740.0,5358,4375,2757,908,228
268,2023-02-06,North America,1469,38748,35648,3100,11075,6786,215,405.0,1064.0,912,630,345,117,24
269,2023-02-06,RO APAC,1629,25607,19211,6396,5139,3850,163,366.0,1263.0,1180,964,656,249,53
270,2023-02-13,EU,2416,217240,54550,162690,4721,3039,12,539.0,1877.0,1603,1238,838,215,13
271,2023-02-13,Greater China,4997,2100,2067,33,589,361,16,855.0,4142.0,4189,3594,2277,1003,200
272,2023-02-13,Middle East - GCC,6318,11262,9290,1972,2552,2147,179,741.0,5577.0,5196,4355,2795,1006,299
273,2023-02-13,North America,1445,39938,36744,3194,8996,5285,166,365.0,1080.0,948,654,385,102,7
274,2023-02-13,RO APAC,1857,26609,19092,7517,4317,3177,135,376.0,1481.0,1321,1133,681,252,48
275,2023-02-20,EU,2099,204955,47837,157118,5687,3263,14,505.0,1594.0,1351,1008,682,164,7
276,2023-02-20,Greater China,4597,1603,1562,41,533,364,12,757.0,3840.0,3872,3286,2189,916,188
277,2023-02-20,Middle East - GCC,6997,9210,7881,1329,2556,2202,257,956.0,6041.0,5778,4855,3263,1309,418
278,2023-02-20,North America,1591,44481,41095,3386,13047,7419,261,462.0,1129.0,998,726,409,78,1
279,2023-02-20,RO APAC,1945,23829,17326,6503,4380,3368,132,334.0,1611.0,1501,1245,790,318,73
280,2023-02-27,EU,2459,221511,59875,161636,5909,3836,12,540.0,1919.0,1627,1262,916,249,24
281,2023-02-27,Greater China,4088,1649,1611,38,624,398,7,711.0,3377.0,3441,2934,1934,814,187
282,2023-02-27,Middle East - GCC,7524,10679,9174,1505,3413,2917,376,1106.0,6418.0,6215,5233,3304,1262,437
283,2023-02-27,North America,1539,41773,38848,2925,12693,7990,227,440.0,1099.0,938,651,325,79,10
284,2023-02-27,RO APAC,1708,24578,17914,6664,5224,4049,163,321.0,1387.0,1312,1057,664,324,51
285,2023-03-06,EU,2460,216031,57132,158899,5203,3471,9,580.0,1880.0,1677,1251,821,238,17
286,2023-03-06,Greater China,4370,2003,1961,42,676,461,12,727.0,3643.0,3756,3235,2142,824,204
287,2023-03-06,Middle East - GCC,8762,14253,12641,1612,3790,3160,404,1290.0,7472.0,7123,5952,3852,1382,415
288,2023-03-06,North America,1630,49313,46350,2963,14466,8644,226,467.0,1163.0,1015,734,390,97,21
289,2023-03-06,RO APAC,1771,27258,20058,7200,5370,4108,184,304.0,1467.0,1344,1114,705,309,48
290,2023-03-13,EU,2404,205465,52046,153419,5389,3480,16,460.0,1944.0,1741,1362,981,258,23
291,2023-03-13,Greater China,4491,2104,2063,41,656,423,19,742.0,3749.0,3815,3280,2109,972,196
292,2023-03-13,Middle East - GCC,10609,12910,11241,1669,3321,2871,309,1542.0,9067.0,8571,7102,4553,1583,347
293,2023-03-13,North America,1859,62131,58194,3937,18716,10276,232,528.0,1331.0,1208,828,446,114,7
294,2023-03-13,RO APAC,1927,26922,19832,7090,5416,4175,141,358.0,1569.0,1397,1121,737,292,42
295,2023-03-20,EU,2463,204219,54714,149505,5620,3470,6,479.0,1984.0,1743,1383,942,251,21
296,2023-03-20,Greater China,4141,2140,2082,58,767,514,6,662.0,3479.0,3570,3063,1958,846,147
297,2023-03-20,Middle East - GCC,8995,8506,7033,1473,1944,1619,193,1262.0,7733.0,7521,6099,3969,1440,392
298,2023-03-20,North America,1866,54024,51477,2547,16351,9274,192,524.0,1342.0,1141,838,429,100,2
299,2023-03-20,RO APAC,1935,27067,19551,7516,5705,4326,203,317.0,1618.0,1533,1285,801,252,34
300,2023-03-27,EU,2445,204108,52317,151791,5239,3289,22,518.0,1927.0,1724,1349,904,268,15
301,2023-03-27,Greater China,4349,2689,2599,90,838,513,24,714.0,3635.0,3741,3156,2027,901,158
302,2023-03-27,Middle East - GCC,3351,8973,7077,1896,1538,1214,94,407.0,2944.0,2922,2502,1569,607,215
303,2023-03-27,North America,1716,56378,53701,2677,16543,9529,204,543.0,1173.0,1024,754,464,116,11
304,2023-03-27,RO APAC,1624,30157,21201,8956,5781,4156,177,296.0,1328.0,1201,999,671,252,29
305,2023-04-03,EU,2394,257562,62596,194966,6039,3265,4,477.0,1917.0,1686,1276,862,220,15
306,2023-04-03,Greater China,4306,7250,6847,403,1441,790,18,715.0,3591.0,3630,3138,2000,913,196
307,2023-04-03,Middle East - GCC,2836,9181,6892,2289,1317,964,85,400.0,2436.0,2506,2168,1426,587,190
308,2023-04-03,North America,1812,75420,70961,4459,17733,9041,160,558.0,1254.0,1049,678,375,103,37
309,2023-04-03,RO APAC,1618,44699,27928,16771,5968,3933,144,282.0,1336.0,1207,991,677,262,53
310,2023-04-10,EU,2034,245923,63662,182261,6236,2915,6,476.0,1558.0,1309,988,636,170,7
311,2023-04-10,Greater China,4008,4131,3821,310,809,436,9,773.0,3235.0,3278,2711,1582,629,95
312,2023-04-10,Middle East - GCC,2089,6725,4885,1840,758,540,45,280.0,1809.0,1842,1597,1004,420,141
313,2023-04-10,North America,1450,67057,62828,4229,16408,7746,159,505.0,945.0,836,576,354,115,11
314,2023-04-10,RO APAC,1839,39809,25256,14553,5555,3747,171,389.0,1450.0,1333,1143,666,287,18
315,2023-04-17,EU,2040,240969,56439,184530,6171,3681,21,509.0,1531.0,1401,1017,662,180,10
316,2023-04-17,Greater China,4078,2963,2715,248,1004,694,14,733.0,3345.0,3392,2872,1793,835,150
317,2023-04-17,Middle East - GCC,2210,8319,6349,1970,1930,1555,135,301.0,1909.0,1961,1683,1136,488,186
318,2023-04-17,North America,1519,57940,53550,4390,19353,11254,258,451.0,1068.0,889,617,371,78,9
319,2023-04-17,RO APAC,1999,33961,19614,14347,6494,5024,217,484.0,1515.0,1396,1169,736,345,33
320,2023-04-24,EU,3302,255466,63749,191717,6591,4162,3,1174.0,2128.0,1841,1406,914,236,14
321,2023-04-24,Greater China,5245,3797,3474,323,1195,755,19,873.0,4372.0,4313,3702,2399,1136,246
322,2023-04-24,Middle East - GCC,5774,17705,15354,2351,4686,3681,377,1209.0,4565.0,4363,3577,2192,816,234
323,2023-04-24,North America,2564,72791,67822,4969,22243,12224,272,1149.0,1415.0,1247,884,480,99,22
324,2023-04-24,RO APAC,2701,41050,25889,15161,8027,5904,296,735.0,1966.0,1851,1526,921,338,45
325,2023-05-01,EU,2636,253808,65183,188625,6483,3868,13,647.0,1989.0,1738,1329,930,278,24
326,2023-05-01,Greater China,4724,5534,5014,520,1539,857,10,799.0,3925.0,4005,3424,2130,901,185
327,2023-05-01,Middle East - GCC,8108,11109,9012,2097,3088,2472,243,1373.0,6735.0,6256,5011,3191,1078,299
328,2023-05-01,North America,1906,64094,59345,4749,18207,9584,223,587.0,1319.0,1128,809,459,103,3
329,2023-05-01,RO APAC,1876,45052,29465,15587,8404,5888,258,484.0,1392.0,1336,1118,675,219,36
330,2023-05-08,EU,2513,258161,55415,202746,5123,3327,4,609.0,1904.0,1598,1170,854,237,30
331,2023-05-08,Greater China,4812,5126,4875,251,1275,795,18,1013.0,3799.0,3930,3329,2012,837,152
332,2023-05-08,Middle East - GCC,6206,11063,8994,2069,2727,2289,216,1196.0,5010.0,4883,3879,2518,900,295
333,2023-05-08,North America,2012,73489,67059,6430,20080,11005,254,733.0,1279.0,1203,851,507,139,12
334,2023-05-08,RO APAC,2244,45674,29431,16243,8600,6046,274,561.0,1683.0,1656,1361,898,286,58
335,2023-05-15,EU,2577,262236,60609,201627,6251,3853,6,665.0,1912.0,1710,1363,926,280,22
336,2023-05-15,Greater China,4853,5229,4921,308,1397,891,23,932.0,3921.0,4101,3579,2271,978,189
337,2023-05-15,Middle East - GCC,6026,12514,10204,2310,3618,3020,274,1133.0,4893.0,4639,3668,2568,865,245
338,2023-05-15,North America,1939,80901,73570,7331,23305,12582,231,742.0,1197.0,1093,770,399,110,20
339,2023-05-15,RO APAC,2046,48728,31703,17025,9660,6550,285,409.0,1637.0,1461,1223,855,413,83
340,2023-05-22,EU,2746,264127,62873,201254,7189,3797,12,534.0,2212.0,1979,1567,1136,348,21
341,2023-05-22,Greater China,4576,5914,5576,338,1601,963,20,830.0,3746.0,3779,3179,2119,907,102
342,2023-05-22,Middle East - GCC,6357,11718,9498,2220,3137,2661,256,1283.0,5074.0,4883,3997,2673,1089,226
343,2023-05-22,North America,2159,92441,83610,8831,26439,13899,241,785.0,1374.0,1295,938,495,115,21
344,2023-05-22,RO APAC,2158,50708,33181,17527,10317,7003,323,465.0,1693.0,1590,1354,959,401,111
345,2023-05-29,EU,3137,253378,57358,196020,6738,3496,5,990.0,2147.0,1941,1474,1009,256,32
346,2023-05-29,Greater China,6255,6308,5957,351,1581,945,15,1410.0,4845.0,4889,4170,2675,1215,180
347,2023-05-29,Middle East - GCC,7370,12621,10325,2296,2964,2361,238,1719.0,5651.0,5397,4368,2948,1119,326
348,2023-05-29,North America,2738,93873,83253,10620,24272,12417,193,1332.0,1406.0,1313,926,524,98,17
349,2023-05-29,RO APAC,3201,55780,36228,19552,10709,7047,364,930.0,2271.0,2169,1794,1275,540,42
350,2023-06-05,EU,2410,261174,54817,206357,6692,3573,-3,609.0,1801.0,1611,1202,807,209,15
351,2023-06-05,Greater China,4880,5711,5404,307,1631,1083,19,931.0,3949.0,3906,3293,2044,940,149
352,2023-06-05,Middle East - GCC,5690,11926,9450,2476,3313,2755,274,1043.0,4647.0,4461,3531,2281,806,249
353,2023-06-05,North America,2130,77479,67847,9632,26054,14324,268,717.0,1413.0,1246,898,524,77,0
354,2023-06-05,RO APAC,2685,56347,35781,20566,11958,8149,352,492.0,2193.0,2021,1591,1160,458,74
355,2023-06-12,EU,2312,271227,57700,213527,6566,3790,6,596.0,1716.0,1624,1257,877,228,13
356,2023-06-12,Greater China,4598,6698,6276,422,2013,1286,30,891.0,3707.0,3747,3217,2074,999,177
357,2023-06-12,Middle East - GCC,5688,14617,12272,2345,3847,3042,285,961.0,4727.0,4618,3800,2532,1032,278
358,2023-06-12,North America,2083,83711,73403,10308,26827,14858,245,647.0,1436.0,1334,1029,574,94,16
359,2023-06-12,RO APAC,2840,60345,39670,20675,12754,8686,340,669.0,2171.0,2110,1806,1135,486,146
360,2023-06-19,EU,2564,272110,57264,214846,6292,3846,1,643.0,1921.0,1745,1361,971,291,41
361,2023-06-19,Greater China,4884,8014,7343,671,2505,1524,27,1013.0,3871.0,3917,3350,2103,934,149
362,2023-06-19,Middle East - GCC,6333,15237,12842,2395,4135,3339,362,1089.0,5244.0,5110,4218,2748,1035,318
363,2023-06-19,North America,2337,89348,78631,10717,28115,15715,227,811.0,1526.0,1379,978,512,134,27
364,2023-06-19,RO APAC,3632,62578,41997,20581,13411,8864,483,902.0,2730.0,2583,2097,1391,534,122
365,2023-06-26,EU,2489,273333,56905,216428,6740,4048,6,604.0,1885.0,1774,1413,1013,278,80
366,2023-06-26,Greater China,4942,9350,8514,836,2934,1806,24,1084.0,3858.0,3919,3280,2161,932,195
367,2023-06-26,Middle East - GCC,8384,25817,22274,3543,6748,5134,536,1241.0,7143.0,7026,5907,3974,1511,387
368,2023-06-26,North America,2508,92313,81473,10840,29356,16935,212,959.0,1549.0,1448,975,532,115,11
369,2023-06-26,RO APAC,3423,64052,43148,20904,13728,9221,382,804.0,2619.0,2568,2078,1322,423,88
370,2023-07-03,EU,2714,288627,61396,227231,7082,4212,-3,678.0,2036.0,1844,1447,940,198,40
371,2023-07-03,Greater China,5322,13402,12007,1395,3908,2227,45,1225.0,4097.0,4216,3561,2369,881,158
372,2023-07-03,Middle East - GCC,12411,22524,20134,2390,6047,4511,409,2099.0,10312.0,10041,8347,5599,1919,480
373,2023-07-03,North America,2721,96201,83098,13103,28472,15688,218,892.0,1829.0,1650,1165,663,175,53
374,2023-07-03,RO APAC,3800,63132,41606,21526,13155,8983,398,874.0,2926.0,2803,2241,1399,462,108
375,2023-07-10,EU,3425,304662,68564,236098,7791,4449,2,1148.0,2277.0,2036,1564,1059,354,73
376,2023-07-10,Greater China,7579,16468,14565,1903,4412,2527,61,2263.0,5316.0,5300,4342,2754,1274,337
377,2023-07-10,Middle East - GCC,13548,19013,17496,1517,5879,4306,419,2594.0,10954.0,10954,9126,6472,2358,512
378,2023-07-10,North America,3611,90755,77565,13190,29032,16066,274,1550.0,2061.0,1988,1437,784,177,4
379,2023-07-10,RO APAC,4575,63962,41417,22545,12734,8587,317,1382.0,3193.0,2960,2404,1519,506,76
380,2023-07-17,EU,2414,294363,62954,231409,6665,4008,1,640.0,1774.0,1628,1276,807,206,13
381,2023-07-17,Greater China,5311,17823,15959,1864,4376,2549,33,1517.0,3794.0,3752,3037,1781,705,108
382,2023-07-17,Middle East - GCC,12258,19367,17817,1550,6173,4649,459,2057.0,10201.0,10144,8413,5884,2140,576
383,2023-07-17,North America,2722,82186,70828,11358,25314,14235,260,1009.0,1713.0,1699,1185,657,198,61
384,2023-07-17,RO APAC,3597,63839,40878,22961,11895,8050,292,969.0,2628.0,2536,2036,1196,353,49
385,2023-07-24,EU,2698,291040,61772,229268,5349,3132,4,1067.0,1631.0,1495,1209,785,222,60
386,2023-07-24,Greater China,6731,18371,16479,1892,3890,2395,29,2309.0,4422.0,4666,3757,2354,933,139
387,2023-07-24,Middle East - GCC,16101,19361,17879,1482,5821,4373,409,3462.0,12639.0,12887,10743,7543,2663,602
388,2023-07-24,North America,3140,83148,71807,11341,21647,12160,192,1410.0,1730.0,1688,1204,573,113,5
389,2023-07-24,RO APAC,4143,61737,38266,23471,10200,6755,225,1528.0,2615.0,2663,2024,1176,350,56
390,2023-07-31,EU,2001,285000,58016,226984,5534,3100,6,477.0,1524.0,1353,1080,719,206,25
391,2023-07-31,Greater China,3947,17403,15420,1983,3585,2195,24,1075.0,2872.0,3061,2528,1519,674,132
392,2023-07-31,Middle East - GCC,13977,19683,18147,1536,5330,3846,300,2442.0,11535.0,11721,9782,6905,2450,619
393,2023-07-31,North America,1882,75760,65238,10522,18676,10448,175,652.0,1230.0,1144,810,357,73,5
394,2023-07-31,RO APAC,2174,59013,35666,23347,9222,5796,160,494.0,1680.0,1528,1258,694,272,57
395,2023-08-07,EU,1792,293654,59124,234530,5874,2992,6,485.0,1307.0,1152,893,594,160,5
396,2023-08-07,Greater China,3841,17223,15313,1910,3427,2044,46,1001.0,2840.0,2924,2442,1580,753,110
397,2023-08-07,Middle East - GCC,15275,22398,19945,2453,6171,4360,355,2311.0,12964.0,13002,11150,8005,2737,669
398,2023-08-07,North America,1847,77952,67707,10245,18908,10409,142,610.0,1237.0,1177,850,423,85,5
399,2023-08-07,RO APAC,2083,58665,34645,24020,9173,5662,191,533.0,1550.0,1474,1232,858,396,70
400,2023-08-14,EU,1630,282005,55742,226263,5734,2968,3,384.0,1246.0,1057,794,592,157,4
401,2023-08-14,Greater China,3579,13107,11639,1468,2766,1678,26,821.0,2758.0,2893,2406,1513,644,107
402,2023-08-14,Middle East - GCC,17176,17109,15621,1488,5186,3815,291,2516.0,14660.0,14504,12351,8614,3105,718
403,2023-08-14,North America,1675,74544,65085,9459,16954,9491,180,518.0,1157.0,1032,731,386,95,5
404,2023-08-14,RO APAC,1647,53702,31657,22045,8767,5661,173,381.0,1266.0,1176,972,706,393,169
405,2023-08-21,EU,1780,266675,51039,215636,5432,2750,6,487.0,1293.0,1154,892,602,176,27
406,2023-08-21,Greater China,3259,8160,7283,877,2027,1216,20,841.0,2418.0,2685,2134,1435,597,74
407,2023-08-21,Middle East - GCC,18123,13491,12432,1059,4272,3325,322,2572.0,15551.0,15375,13046,9182,3132,828
408,2023-08-21,North America,1761,71542,62080,9462,18158,10066,221,557.0,1204.0,1169,786,373,104,10
409,2023-08-21,RO APAC,1514,49261,28853,20408,8539,5998,209,382.0,1132.0,1107,930,622,247,89
410,2023-08-28,EU,1530,238570,45427,193143,4920,2481,7,458.0,1072.0,994,775,542,180,24
411,2023-08-28,Greater China,3482,7129,6441,688,1985,1353,23,717.0,2765.0,3016,2489,1616,705,59
412,2023-08-28,Middle East - GCC,16054,10221,9499,722,3295,2542,209,2435.0,13619.0,13666,11706,8274,3016,809
413,2023-08-28,North America,1778,64275,56019,8256,17922,9558,253,556.0,1222.0,1217,784,479,113,38
414,2023-08-28,RO APAC,1431,45069,26376,18693,8474,5891,207,322.0,1109.0,1068,868,551,235,108
415,2023-09-04,EU,1965,238154,41636,196518,5652,3498,2,415.0,1550.0,1434,1160,846,254,19
416,2023-09-04,Greater China,3662,7387,6547,840,2259,1617,37,764.0,2898.0,3018,2506,1728,753,150
417,2023-09-04,Middle East - GCC,11664,9033,8295,738,3705,3079,232,1628.0,10036.0,10040,8540,6017,2352,703
418,2023-09-04,North America,1610,68874,60273,8601,22239,11834,225,558.0,1052.0,1033,665,425,125,19
419,2023-09-04,RO APAC,1695,47221,27946,19275,10826,7746,322,312.0,1383.0,1287,1034,664,264,74
420,2023-09-11,EU,2240,254543,54246,200297,6299,4019,17,506.0,1734.0,1682,1289,931,222,16
421,2023-09-11,Greater China,3933,8717,8008,709,2496,1627,35,799.0,3134.0,3194,2701,1780,789,107
422,2023-09-11,Middle East - GCC,10129,12204,11534,670,4538,3749,252,1440.0,8689.0,8343,7032,4840,1943,539
423,2023-09-11,North America,1605,77051,67303,9748,27143,15323,343,588.0,1017.0,1035,746,482,104,17
424,2023-09-11,RO APAC,2047,54529,34534,19995,12757,8983,373,444.0,1603.0,1636,1276,789,274,77
425,2023-09-18,EU,2379,241795,51333,190462,6033,3957,8,530.0,1849.0,1778,1450,1006,309,29
426,2023-09-18,Greater China,4161,8628,7786,842,2682,1806,19,910.0,3251.0,3536,3025,1978,761,116
427,2023-09-18,Middle East - GCC,8784,12835,12128,707,4355,3448,322,1163.0,7621.0,7430,6308,4374,1544,422
428,2023-09-18,North America,1678,81326,71108,10218,25620,13770,276,601.0,1077.0,1044,752,472,129,31
429,2023-09-18,RO APAC,2325,55412,36369,19043,12016,8296,363,668.0,1657.0,1748,1459,942,373,170
430,2023-09-25,EU,2578,230982,50661,180321,5943,3829,1,600.0,1978.0,1898,1524,1023,253,25
431,2023-09-25,Greater China,4575,8938,7985,953,2548,1710,32,971.0,3604.0,3843,3224,2178,815,143
432,2023-09-25,Middle East - GCC,8902,13872,13120,752,4524,3671,341,1415.0,7487.0,7370,6109,4167,1653,459
433,2023-09-25,North America,1842,73540,64742,8798,22577,12536,209,664.0,1178.0,1231,810,455,75,21
434,2023-09-25,RO APAC,2254,50804,33239,17565,10486,7232,288,511.0,1743.0,1743,1434,831,239,40
435,2023-10-02,EU,3091,244404,55739,188665,6521,3993,1,1011.0,2080.0,1950,1525,965,188,21
436,2023-10-02,Greater China,7029,11994,10730,1264,3238,2022,46,2092.0,4937.0,5326,4439,2926,1120,187
437,2023-10-02,Middle East - GCC,11131,12051,11416,635,3549,2878,265,2137.0,8994.0,8595,7095,4860,1707,426
438,2023-10-02,North America,2936,73647,65476,8171,22907,12828,204,1333.0,1603.0,1543,1035,521,98,17
439,2023-10-02,RO APAC,3059,47952,31165,16787,9509,6722,238,1113.0,1946.0,1952,1477,934,315,56
440,2023-10-09,EU,2559,272669,57801,214868,6072,4015,6,546.0,2013.0,1835,1388,1028,248,26
441,2023-10-09,Greater China,5359,7114,6288,826,1870,1204,26,1217.0,4142.0,4316,3558,2495,1041,187
442,2023-10-09,Middle East - GCC,7515,12367,10883,1484,3307,2783,244,1277.0,6238.0,6199,5044,3459,1180,266
443,2023-10-09,North America,2135,79032,71169,7863,23321,13097,293,689.0,1446.0,1359,959,520,89,25
444,2023-10-09,RO APAC,2067,44214,28627,15587,8461,6357,263,569.0,1498.0,1484,1201,806,253,39
445,2023-10-16,EU,2799,262759,61261,201498,6234,4301,-2,635.0,2164.0,1988,1598,1116,314,41
446,2023-10-16,Greater China,4644,6680,6052,628,1701,1062,24,897.0,3747.0,3848,3236,2217,832,163
447,2023-10-16,Middle East - GCC,7477,14391,12781,1610,3728,3150,245,1144.0,6333.0,6218,5143,3742,1352,285
448,2023-10-16,North America,1928,68786,62764,6022,20983,12022,233,607.0,1321.0,1211,868,550,185,37
449,2023-10-16,RO APAC,1988,39166,25657,13509,7320,5512,223,485.0,1503.0,1402,1146,738,275,64
450,2023-10-23,EU,2485,254946,61513,193433,5700,3709,2,555.0,1930.0,1768,1457,1029,297,51
451,2023-10-23,Greater China,4582,6829,6239,590,1572,963,14,981.0,3601.0,3739,3236,2171,878,153
452,2023-10-23,Middle East - GCC,7642,14950,13548,1402,3546,2895,274,1385.0,6257.0,6221,5018,3335,1278,271
453,2023-10-23,North America,2011,62514,57337,5177,16676,9677,231,671.0,1340.0,1225,879,536,157,19
454,2023-10-23,RO APAC,2032,36947,24113,12834,6143,4577,176,457.0,1575.0,1462,1224,906,350,47
455,2023-10-30,EU,4286,234263,63032,171231,6929,4116,14,1650.0,2636.0,2499,1879,1185,377,19
456,2023-10-30,Greater China,5938,4209,3938,271,1153,722,14,1602.0,4336.0,4539,3850,2740,1106,200
457,2023-10-30,Middle East - GCC,9706,10279,9031,1248,2642,2227,207,1807.0,7899.0,7445,5932,3800,1298,309
458,2023-10-30,North America,2474,44427,40867,3560,12733,7665,171,1015.0,1459.0,1335,957,549,111,2
459,2023-10-30,RO APAC,2744,28910,19505,9405,5402,4051,156,813.0,1931.0,1902,1556,1017,330,54
460,2023-11-06,EU,3212,234507,70480,164027,6001,4220,11,895.0,2317.0,2168,1623,1163,273,16
461,2023-11-06,Greater China,4258,4786,4209,577,1300,875,33,916.0,3342.0,3547,3048,2141,832,144
462,2023-11-06,Middle East - GCC,7003,12888,11587,1301,3917,3307,297,1079.0,5924.0,5770,4877,3179,1153,317
463,2023-11-06,North America,1753,45811,42030,3781,16165,9866,188,575.0,1178.0,1122,819,493,66,2
464,2023-11-06,RO APAC,1823,31246,23014,8232,6187,4604,147,443.0,1380.0,1322,1096,722,271,26
465,2023-11-13,EU,2823,232672,67332,165340,6066,4249,7,724.0,2099.0,1977,1578,1086,214,14
466,2023-11-13,Greater China,4349,4550,4053,497,1091,689,22,897.0,3452.0,3744,3216,2481,948,134
467,2023-11-13,Middle East - GCC,6781,14059,12487,1572,3581,3020,298,1047.0,5734.0,5442,4603,2993,1167,267
468,2023-11-13,North America,1843,52563,48789,3774,16762,10317,253,597.0,1246.0,1164,859,485,57,0
469,2023-11-13,RO APAC,1757,33057,24552,8505,6218,4467,149,402.0,1355.0,1288,1091,722,264,68
470,2023-11-20,EU,2985,228807,69183,159624,6099,4358,13,685.0,2300.0,2112,1663,1125,308,39
471,2023-11-20,Greater China,4534,4646,4084,562,1182,810,28,837.0,3697.0,3854,3365,2379,946,153
472,2023-11-20,Middle East - GCC,8076,25870,23441,2429,5809,4563,405,1374.0,6702.0,6355,5205,3485,1246,306
473,2023-11-20,North America,1985,62115,57951,4164,17142,9876,193,580.0,1405.0,1295,966,518,89,1
474,2023-11-20,RO APAC,1687,31692,23271,8421,6284,4732,163,443.0,1244.0,1237,1027,687,245,60
475,2023-11-27,EU,4865,215627,74807,140820,6460,4692,9,2001.0,2864.0,2689,2067,1456,377,34
476,2023-11-27,Greater China,6984,4737,4195,542,1162,746,15,1766.0,5218.0,5477,4727,3266,1276,229
477,2023-11-27,Middle East - GCC,13463,19782,18221,1561,4788,3797,361,3239.0,10224.0,9455,7395,4573,1596,284
478,2023-11-27,North America,3174,51569,48385,3184,14510,8639,199,1407.0,1767.0,1740,1319,807,186,28
479,2023-11-27,RO APAC,2867,29710,22446,7264,6246,4594,189,955.0,1912.0,1905,1528,1071,401,64
480,2023-12-04,EU,3760,250058,76139,173919,7213,4976,16,990.0,2770.0,2489,1934,1304,303,25
481,2023-12-04,Greater China,4674,4557,3935,622,1071,743,20,881.0,3793.0,3983,3508,2478,1001,143
482,2023-12-04,Middle East - GCC,11179,18394,16472,1922,4853,3857,417,2178.0,9001.0,8647,6771,4403,1655,440
483,2023-12-04,North America,2111,50338,47000,3338,18039,11401,332,631.0,1480.0,1386,1071,699,157,9
484,2023-12-04,RO APAC,1886,31794,23325,8469,6429,4536,213,485.0,1401.0,1437,1161,759,242,51
485,2023-12-11,EU,4168,274315,83354,190961,7437,5658,3,1325.0,2843.0,2741,2176,1449,345,28
486,2023-12-11,Greater China,4995,5794,4992,802,1235,821,26,992.0,4003.0,4334,3724,2587,994,130
487,2023-12-11,Middle East - GCC,9815,16610,14261,2349,4677,3760,404,1722.0,8093.0,7852,6373,4356,1607,411
488,2023-12-11,North America,2388,47688,44693,2995,15595,9606,233,748.0,1640.0,1555,1136,663,161,10
489,2023-12-11,RO APAC,2144,35993,26965,9028,6772,4679,159,468.0,1676.0,1622,1407,978,330,90
490,2023-12-18,EU,3958,263280,71446,191834,5404,4058,5,1054.0,2904.0,2768,2178,1519,395,49
491,2023-12-18,Greater China,5133,9354,8145,1209,2003,1172,27,1039.0,4094.0,4337,3709,2607,1123,132
492,2023-12-18,Middle East - GCC,10592,23318,20106,3212,6173,4720,494,1726.0,8866.0,8572,7171,5052,1949,579
493,2023-12-18,North America,2306,65747,61478,4269,18048,10223,224,687.0,1619.0,1493,1020,634,153,9
494,2023-12-18,RO APAC,2530,46158,35039,11119,8417,5807,259,637.0,1893.0,1950,1602,1053,394,96
495,2023-12-25,EU,3184,246531,66214,180317,5459,3209,2,780.0,2404.0,2263,1681,1126,251,29
496,2023-12-25,Greater China,5482,9916,8495,1421,2028,1170,48,1105.0,4377.0,4409,3674,2410,1132,155
497,2023-12-25,Middle East - GCC,12101,23594,20434,3160,5138,3873,346,2020.0,10081.0,9641,8111,5520,2216,631
498,2023-12-25,North America,2890,73532,68145,5387,21651,11552,208,892.0,1998.0,1958,1439,916,265,43
499,2023-12-25,RO APAC,2844,45083,34527,10556,8679,5872,204,733.0,2111.0,2003,1500,974,275,91
500,2024-01-01,EU,4358,253329,66514,186815,5531,2503,0,2122.0,2236.0,2090,1430,954,243,30
501,2024-01-01,Greater China,8974,4681,3858,823,646,380,11,2526.0,6448.0,6716,5558,3092,1163,129
502,2024-01-01,Middle East - GCC,22228,16823,15089,1734,3449,2830,221,4775.0,17453.0,16817,13160,9060,3130,900
503,2024-01-01,North America,3567,57273,53733,3540,13841,7628,170,1542.0,2025.0,1835,1244,744,177,29
504,2024-01-01,RO APAC,5106,30018,20731,9287,5038,3376,120,1935.0,3171.0,2988,2195,1294,357,84
505,2024-01-08,EU,2673,224145,41809,182336,3679,2209,8,803.0,1870.0,1840,1330,933,310,113
506,2024-01-08,Greater China,4466,5662,5109,553,935,586,11,1003.0,3463.0,3797,3287,2486,1041,139
507,2024-01-08,Middle East - GCC,14738,10319,8967,1352,2632,2302,219,2654.0,12084.0,12305,9623,6851,2304,606
508,2024-01-08,North America,1884,31326,27423,3903,8358,5078,166,717.0,1167.0,1274,884,516,148,8
509,2024-01-08,RO APAC,2650,24574,15775,8799,3935,3017,130,626.0,2024.0,2051,1651,1188,507,95
510,2024-01-15,EU,2538,220029,51590,168439,3732,2919,12,613.0,1925.0,1947,1527,1124,263,40
511,2024-01-15,Greater China,4945,6379,5586,793,1327,742,11,1071.0,3874.0,4259,3540,2725,1171,155
512,2024-01-15,Middle East - GCC,8830,12686,11444,1242,2984,2441,211,1193.0,7637.0,7853,6460,4767,1689,386
513,2024-01-15,North America,1962,46334,42205,4129,11410,6716,174,453.0,1509.0,1439,1079,712,145,15
514,2024-01-15,RO APAC,1784,29096,20006,9090,5177,3737,135,393.0,1391.0,1432,1194,918,361,58
515,2024-01-22,EU,2375,215058,56081,158977,4222,3191,2,554.0,1821.0,1842,1418,1125,283,27
516,2024-01-22,Greater China,4057,9042,7732,1310,1175,690,19,845.0,3212.0,3565,3064,2314,946,122
517,2024-01-22,Middle East - GCC,7021,15035,13526,1509,3507,2824,301,1053.0,5968.0,6171,5233,3984,1378,335
518,2024-01-22,North America,1551,44933,41333,3600,11887,7426,205,371.0,1180.0,1189,907,562,131,18
519,2024-01-22,RO APAC,1748,29541,20166,9375,5172,3696,114,331.0,1417.0,1391,1190,863,281,33
520,2024-01-29,EU,3296,197601,61599,136002,4763,3627,6,1130.0,2166.0,2292,1732,1239,316,41
521,2024-01-29,Greater China,5658,10031,8708,1323,1314,824,18,1298.0,4360.0,4860,4159,3148,1385,131
522,2024-01-29,Middle East - GCC,8523,15007,13351,1656,3389,2765,249,2091.0,6432.0,6761,5353,3862,1351,349
523,2024-01-29,North America,1974,40981,37933,3048,11369,7202,167,611.0,1363.0,1394,1048,756,188,51
524,2024-01-29,RO APAC,2013,27314,19354,7960,5156,3681,131,487.0,1526.0,1577,1318,1058,450,66
525,2024-02-05,EU,2304,247418,65040,182378,5334,4055,12,470.0,1834.0,1847,1524,1181,312,42
526,2024-02-05,Greater China,4220,10469,9375,1094,1673,1104,25,952.0,3268.0,3749,3261,2566,1132,122
527,2024-02-05,Middle East - GCC,6620,13132,11144,1988,3184,2589,257,1251.0,5369.0,5697,4620,3438,1127,269
528,2024-02-05,North America,1468,44935,42073,2862,12406,7902,214,403.0,1065.0,1104,842,564,158,45
529,2024-02-05,RO APAC,1359,31311,21252,10059,5546,3931,161,268.0,1091.0,1123,942,702,277,51
530,2024-02-12,EU,2581,275987,72561,203426,4934,3512,6,636.0,1945.0,2003,1591,1165,301,23
531,2024-02-12,Greater China,4511,16233,14451,1782,2650,1678,31,1004.0,3507.0,3930,3371,2484,927,173
532,2024-02-12,Middle East - GCC,6516,13730,11642,2088,3139,2532,279,983.0,5533.0,5821,4982,3825,1413,405
533,2024-02-12,North America,1407,47695,44279,3416,9660,5812,159,387.0,1020.0,1076,786,567,127,14
534,2024-02-12,RO APAC,1507,33701,22545,11156,5036,3565,139,309.0,1198.0,1254,1042,794,345,49
535,2024-02-19,EU,2329,239317,63862,175455,4631,3255,2,606.0,1723.0,1780,1377,1015,208,21
536,2024-02-19,Greater China,4341,5663,4814,849,876,603,17,1004.0,3337.0,3791,3175,2413,899,99
537,2024-02-19,Middle East - GCC,6848,11217,9499,1718,3261,2740,325,1098.0,5750.0,6120,5194,3956,1365,302
538,2024-02-19,North America,1496,48109,43902,4207,13603,8032,246,436.0,1060.0,1084,833,615,179,2
539,2024-02-19,RO APAC,1520,29183,19875,9308,5086,3787,155,302.0,1218.0,1241,1073,825,324,49
540,2024-02-26,EU,2413,234656,66796,167860,5287,3879,1,583.0,1830.0,1870,1414,1108,309,16
541,2024-02-26,Greater China,3970,4275,3678,597,661,485,21,862.0,3108.0,3577,3063,2406,1023,140
542,2024-02-26,Middle East - GCC,9113,16517,14579,1938,5105,4331,590,1536.0,7577.0,7998,6625,4942,1755,384
543,2024-02-26,North America,1724,46747,42305,4442,13655,8694,254,535.0,1189.0,1237,903,635,137,12
544,2024-02-26,RO APAC,1436,28022,19101,8921,5684,4320,146,324.0,1112.0,1185,1037,793,273,59
545,2024-03-04,EU,2462,236172,65378,170794,5024,3728,4,602.0,1860.0,1919,1523,1201,350,27
546,2024-03-04,Greater China,3275,5051,4305,746,657,446,12,640.0,2635.0,2956,2665,2050,903,116
547,2024-03-04,Middle East - GCC,10112,12977,11073,1904,3507,2976,394,1902.0,8210.0,8857,7274,5439,1917,385
548,2024-03-04,North America,1550,51780,47632,4148,14433,8646,185,498.0,1052.0,1184,892,591,113,6
549,2024-03-04,RO APAC,1491,29664,20323,9341,5779,4381,176,316.0,1175.0,1286,1125,768,227,19
550,2024-03-11,EU,2683,250893,66453,184440,5485,3998,8,586.0,2097.0,2103,1668,1212,362,37
551,2024-03-11,Greater China,3306,5402,4801,601,790,551,10,723.0,2583.0,2945,2603,2071,964,97
552,2024-03-11,Middle East - GCC,6744,8711,6963,1748,1947,1583,183,1189.0,5555.0,5971,5073,3875,1577,411
553,2024-03-11,North America,1867,69150,63761,5389,19561,11125,220,471.0,1396.0,1432,1101,711,136,15
554,2024-03-11,RO APAC,1490,31957,22414,9543,6153,4598,161,304.0,1186.0,1252,1127,823,350,80
555,2024-03-18,EU,2547,237540,67242,170298,5393,3885,8,621.0,1926.0,1955,1522,1178,323,22
556,2024-03-18,Greater China,3778,5236,4736,500,663,480,11,646.0,3132.0,3417,3079,2357,1135,168
557,2024-03-18,Middle East - GCC,2791,9499,7833,1666,1446,1107,97,394.0,2397.0,2529,2203,1790,796,199
558,2024-03-18,North America,1789,64434,60211,4223,18139,10342,173,630.0,1159.0,1243,958,635,138,6
559,2024-03-18,RO APAC,1573,32159,22550,9609,6082,4361,158,301.0,1272.0,1313,1124,866,301,89
560,2024-03-25,EU,2638,223785,73822,149963,6430,3923,3,604.0,2034.0,2073,1602,1197,303,9
561,2024-03-25,Greater China,3637,8179,7383,796,982,658,9,807.0,2830.0,3209,2820,2230,940,114
562,2024-03-25,Middle East - GCC,2457,11229,9437,1792,1677,1158,67,306.0,2151.0,2298,2047,1594,707,126
563,2024-03-25,North America,1775,72147,67334,4813,18411,9724,115,605.0,1170.0,1279,930,613,148,31
564,2024-03-25,RO APAC,1419,34213,25057,9156,6090,4182,123,283.0,1136.0,1179,959,700,232,26
565,2024-04-01,EU,2135,209388,69740,139648,5510,2919,4,504.0,1631.0,1595,1305,1052,325,18
566,2024-04-01,Greater China,2939,8959,8075,884,1002,627,14,598.0,2341.0,2652,2326,1811,745,142
567,2024-04-01,Middle East - GCC,2184,11271,9445,1826,1605,1001,63,330.0,1854.0,1997,1815,1418,655,143
568,2024-04-01,North America,1497,69901,64979,4922,15205,7719,146,589.0,908.0,1104,825,571,89,9
569,2024-04-01,RO APAC,1363,32863,21501,11362,5172,3414,107,343.0,1020.0,1096,948,723,267,38
570,2024-04-08,EU,2220,277769,70286,207483,4527,2972,10,610.0,1610.0,1674,1317,963,304,24
571,2024-04-08,Greater China,3157,5659,4926,733,940,635,15,719.0,2438.0,2804,2460,1923,932,143
572,2024-04-08,Middle East - GCC,2906,16300,13992,2308,3223,2479,251,462.0,2444.0,2584,2247,1787,848,114
573,2024-04-08,North America,1661,66104,61091,5013,16273,9382,257,554.0,1107.0,1225,862,556,170,26
574,2024-04-08,RO APAC,1482,49335,27054,22281,7325,5332,222,372.0,1110.0,1182,990,738,297,66
575,2024-04-15,EU,2322,263552,64774,198778,5419,3697,4,490.0,1832.0,1791,1438,1149,287,18
576,2024-04-15,Greater China,2958,4639,3909,730,1021,720,14,600.0,2358.0,2682,2320,1923,843,138
577,2024-04-15,Middle East - GCC,7538,14306,12475,1831,4127,3476,383,1376.0,6162.0,6665,5448,3855,1377,312
578,2024-04-15,North America,1634,65437,59595,5842,18925,10990,268,458.0,1176.0,1234,907,609,127,36
579,2024-04-15,RO APAC,1904,42167,22675,19492,7330,5713,238,506.0,1398.0,1530,1333,1000,332,52
580,2024-04-22,EU,2224,278381,75264,203117,5807,4053,5,597.0,1627.0,1700,1333,1002,274,17
581,2024-04-22,Greater China,2751,6746,5839,907,1240,809,13,591.0,2160.0,2464,2130,1652,730,124
582,2024-04-22,Middle East - GCC,7539,12388,10523,1865,3515,2982,317,1332.0,6207.0,6745,5529,4102,1478,403
583,2024-04-22,North America,1846,81811,75040,6771,23988,13031,222,532.0,1314.0,1397,1049,757,147,43
584,2024-04-22,RO APAC,1831,47296,27471,19825,8493,6247,248,437.0,1394.0,1517,1298,996,285,36
585,2024-04-29,EU,3315,286834,78822,208012,6133,4147,6,1268.0,2047.0,2043,1691,1216,311,15
586,2024-04-29,Greater China,4573,9979,8481,1498,1496,939,13,1036.0,3537.0,3918,3445,2712,1190,215
587,2024-04-29,Middle East - GCC,7880,14383,12587,1796,3491,2931,357,1679.0,6201.0,6656,5532,4114,1474,377
588,2024-04-29,North America,2673,70108,63838,6270,20066,10941,214,1219.0,1454.0,1639,1229,850,192,84
589,2024-04-29,RO APAC,2629,46962,28700,18262,8887,6168,259,854.0,1775.0,1982,1739,1380,513,158
590,2024-05-06,EU,2604,304308,75293,229015,5185,3543,9,694.0,1910.0,1946,1494,1208,326,21
591,2024-05-06,Greater China,3841,10367,8773,1594,1504,1050,21,841.0,3000.0,3408,2950,2353,915,134
592,2024-05-06,Middle East - GCC,6427,14680,12703,1977,3359,2739,309,1175.0,5252.0,5616,4693,3525,1322,379
593,2024-05-06,North America,1815,81705,72046,9659,22001,11623,186,580.0,1235.0,1322,1064,756,118,29
594,2024-05-06,RO APAC,1950,55226,32675,22551,9803,6805,261,530.0,1420.0,1586,1331,967,546,281
595,2024-05-13,EU,2362,293923,77579,216344,7731,4180,5,642.0,1720.0,1732,1415,1068,394,43
596,2024-05-13,Greater China,4399,9927,8690,1237,1508,1093,17,1086.0,3313.0,3848,3224,2458,1054,138
597,2024-05-13,Middle East - GCC,6702,15426,13537,1889,4080,3440,372,1175.0,5527.0,5769,4818,3863,1399,404
598,2024-05-13,North America,2156,84402,74390,10012,25081,14172,211,764.0,1392.0,1511,1163,810,216,41
599,2024-05-13,RO APAC,2012,55968,33651,22317,10848,7610,302,554.0,1458.0,1593,1358,1046,397,119
600,2024-05-20,EU,2465,285443,73235,212208,6700,4331,10,638.0,1827.0,1883,1571,1193,391,57
601,2024-05-20,Greater China,4296,10813,9062,1751,1671,1205,21,1029.0,3267.0,3716,3178,2503,1161,132
602,2024-05-20,Middle East - GCC,7007,15392,13348,2044,3861,3230,339,1396.0,5611.0,5901,4938,3892,1580,481
603,2024-05-20,North America,2223,90478,80321,10157,27184,15339,346,842.0,1381.0,1539,1159,809,259,39
604,2024-05-20,RO APAC,2021,61259,38333,22926,12084,8345,311,618.0,1403.0,1621,1277,947,424,162
605,2024-05-27,EU,2488,274720,70565,204155,6126,3669,10,624.0,1864.0,1968,1522,1157,275,12
606,2024-05-27,Greater China,4025,10611,9272,1339,1630,1142,27,935.0,3090.0,3548,3062,2386,1033,183
607,2024-05-27,Middle East - GCC,6582,15765,13800,1965,3345,2789,285,1149.0,5433.0,5749,4877,3705,1329,350
608,2024-05-27,North America,2071,93944,83150,10794,24783,13083,186,766.0,1305.0,1486,1176,811,201,69
609,2024-05-27,RO APAC,2567,62082,36998,25084,11025,7499,348,737.0,1830.0,2200,1945,1520,637,247
610,2024-06-03,EU,3110,276230,68170,208060,7782,4855,3,1114.0,1996.0,2108,1625,1220,308,22
611,2024-06-03,Greater China,4994,9792,8248,1544,1666,1205,26,1139.0,3855.0,4337,3796,2880,1420,251
612,2024-06-03,Middle East - GCC,8059,16040,14109,1931,4137,3578,405,1733.0,6326.0,6899,5746,4394,1527,373
613,2024-06-03,North America,2863,83428,72715,10713,26795,15387,205,1127.0,1736.0,1863,1375,1000,263,60
614,2024-06-03,RO APAC,3160,59006,36098,22908,12153,8761,377,852.0,2308.0,2407,2041,1590,562,114
615,2024-06-10,EU,2456,268110,67123,200987,5655,3642,1,544.0,1912.0,1958,1561,1175,342,21
616,2024-06-10,Greater China,4075,11847,9791,2056,1719,1224,29,900.0,3175.0,3606,3165,2559,1160,169
617,2024-06-10,Middle East - GCC,6508,21411,19115,2296,4756,3972,425,1167.0,5341.0,5774,4951,3983,1456,295
618,2024-06-10,North America,2323,101422,89437,11985,30601,16875,258,864.0,1459.0,1705,1272,867,233,41
619,2024-06-10,RO APAC,2476,64421,41067,23354,12679,8875,349,575.0,1901.0,2093,1794,1309,509,96
620,2024-06-17,EU,2567,278270,68979,209291,6438,4263,-4,575.0,1992.0,1950,1546,1118,317,12
621,2024-06-17,Greater China,3931,11412,9388,2024,1994,1402,25,933.0,2998.0,3548,3106,2518,1161,180
622,2024-06-17,Middle East - GCC,8500,35391,31700,3691,7286,5687,558,1527.0,6973.0,7449,6369,5177,1917,476
623,2024-06-17,North America,2397,101602,88206,13396,30607,16775,309,802.0,1595.0,1701,1262,864,221,30
624,2024-06-17,RO APAC,2820,67600,42445,25155,13066,9050,371,693.0,2127.0,2268,1847,1415,427,59
625,2024-06-24,EU,3157,280461,69524,210937,7314,4418,6,1069.0,2088.0,2129,1633,1155,318,38
626,2024-06-24,Greater China,6122,14197,11005,3192,2454,1685,32,1625.0,4497.0,5070,4245,3250,1537,211
627,2024-06-24,Middle East - GCC,15070,21898,19630,2268,5195,4108,430,3400.0,11670.0,12399,10166,7886,2697,731
628,2024-06-24,North America,4098,108700,95173,13527,33294,18559,305,1909.0,2189.0,2418,1815,1238,259,26
629,2024-06-24,RO APAC,4864,70166,44404,25762,13808,9498,395,1525.0,3339.0,3703,2849,2166,624,60
630,2024-07-01,EU,2579,278951,69048,209903,7558,4347,8,792.0,1787.0,1889,1367,972,305,35
631,2024-07-01,Greater China,4445,20511,15532,4979,3556,2137,33,1145.0,3300.0,3819,3321,2697,1172,168
632,2024-07-01,Middle East - GCC,11788,22362,19962,2400,5614,4486,514,2209.0,9579.0,10270,8816,7139,2611,579
633,2024-07-01,North America,3006,102653,89469,13184,28990,15828,239,1053.0,1953.0,2033,1564,1025,262,14
634,2024-07-01,RO APAC,3602,68639,43264,25375,13225,9246,384,1060.0,2542.0,2721,2199,1636,576,43
635,2024-07-08,EU,2719,300449,81573,218876,8255,4812,-2,713.0,2006.0,2021,1569,1160,333,36
636,2024-07-08,Greater China,4361,21943,16224,5719,3810,2411,46,1078.0,3283.0,3824,3253,2540,1020,153
637,2024-07-08,Middle East - GCC,12526,27345,24162,3183,6572,4996,591,2026.0,10500.0,11294,9761,7762,2757,599
638,2024-07-08,North America,2856,94860,82838,12022,28546,16758,323,1101.0,1755.0,1970,1471,1027,207,37
639,2024-07-08,RO APAC,3668,70838,42976,27862,12737,9118,383,917.0,2751.0,2874,2372,1675,470,95
640,2024-07-15,EU,3276,293682,78482,215200,7435,4425,-2,1204.0,2072.0,2172,1583,1162,318,54
641,2024-07-15,Greater China,7141,24217,18700,5517,4375,2702,34,2487.0,4654.0,5408,4428,3356,1516,277
642,2024-07-15,Middle East - GCC,15428,28003,24787,3216,7175,5471,499,2949.0,12479.0,13426,11507,9100,3186,760
643,2024-07-15,North America,3688,98101,87010,11091,26819,15428,326,1519.0,2169.0,2416,1818,1152,235,40
644,2024-07-15,RO APAC,4154,71741,44573,27168,12390,8763,378,1260.0,2894.0,3139,2441,1761,566,91
645,2024-07-22,EU,1803,282934,77194,205740,6498,3997,4,507.0,1296.0,1326,1031,782,168,10
646,2024-07-22,Greater China,3553,25967,19900,6067,4119,2499,28,936.0,2617.0,3083,2651,2075,922,147
647,2024-07-22,Middle East - GCC,13690,27083,24072,3011,7614,5898,611,2241.0,11449.0,12304,10496,8213,3027,637
648,2024-07-22,North America,2120,91226,81593,9633,25365,15360,264,809.0,1311.0,1545,1105,777,213,19
649,2024-07-22,RO APAC,2511,66268,42101,24167,11622,7967,267,661.0,1850.0,2055,1723,1285,394,66
650,2024-07-29,EU,1682,273131,74119,199012,5418,3503,4,441.0,1241.0,1247,961,753,231,30
651,2024-07-29,Greater China,3446,24194,18832,5362,3631,2206,30,928.0,2518.0,3056,2615,2125,1056,135
652,2024-07-29,Middle East - GCC,16171,26841,23947,2894,7204,5306,470,2941.0,13230.0,14514,12521,9786,3511,761
653,2024-07-29,North America,2051,85630,75808,9822,21595,12585,204,681.0,1370.0,1584,1235,837,301,65
654,2024-07-29,RO APAC,2080,61724,38594,23130,9858,6594,233,556.0,1524.0,1679,1377,977,267,44
655,2024-08-05,EU,1605,275925,71629,204296,5501,3176,11,348.0,1257.0,1292,990,774,250,30
656,2024-08-05,Greater China,2835,23916,18176,5740,3534,2104,11,861.0,1974.0,2530,2160,1771,902,75
657,2024-08-05,Middle East - GCC,17058,28995,25390,3605,7748,5659,516,3224.0,13834.0,15437,13412,10370,3637,822
658,2024-08-05,North America,1705,81856,72873,8983,19849,11503,230,661.0,1044.0,1211,889,576,160,58
659,2024-08-05,RO APAC,1770,65889,36620,29269,9512,6230,241,486.0,1284.0,1484,1215,913,287,86
660,2024-08-12,EU,1603,272361,71084,201277,5309,2917,0,452.0,1151.0,1196,925,706,192,8
661,2024-08-12,Greater China,3012,19078,14407,4671,2766,1809,31,855.0,2157.0,2615,2347,1885,874,87
662,2024-08-12,Middle East - GCC,20166,23707,20037,3670,5801,4345,310,4200.0,15966.0,18100,15548,12115,4025,888
663,2024-08-12,North America,1813,80852,72964,7888,18463,10336,199,634.0,1179.0,1334,1046,731,207,25
664,2024-08-12,RO APAC,1564,64512,35091,29421,9380,6004,205,523.0,1041.0,1157,967,775,273,64
665,2024-08-19,EU,1782,296208,71966,224242,5743,3156,13,487.0,1295.0,1411,1165,890,222,33
666,2024-08-19,Greater China,2962,13774,10433,3341,2021,1393,17,836.0,2126.0,2629,2301,1897,843,61
667,2024-08-19,Middle East - GCC,20238,20521,17306,3215,4385,3325,272,4052.0,16186.0,18345,15523,12293,4478,1053
668,2024-08-19,North America,1690,105983,95220,10763,25441,13836,189,690.0,1000.0,1170,893,649,218,12
669,2024-08-19,RO APAC,1454,59684,33266,26418,9353,6124,201,438.0,1016.0,1138,936,642,263,63
670,2024-08-26,EU,1851,257870,65286,192584,4520,2703,0,511.0,1340.0,1444,1137,912,235,6
671,2024-08-26,Greater China,2775,9951,7384,2567,1844,1236,31,802.0,1973.0,2492,2217,1738,796,93
672,2024-08-26,Middle East - GCC,18315,16739,14106,2633,3517,2778,257,3439.0,14876.0,16622,14241,11215,4196,1089
673,2024-08-26,North America,1588,80983,72737,8246,19774,11002,198,633.0,955.0,1173,883,586,164,9
674,2024-08-26,RO APAC,1288,48671,27977,20694,8974,6141,247,411.0,877.0,1041,873,720,342,145
675,2024-09-02,EU,1742,246932,59809,187123,5460,3644,6,516.0,1226.0,1389,1116,802,250,31
676,2024-09-02,Greater China,2932,10089,7611,2478,2479,1660,29,782.0,2150.0,2625,2328,1876,932,97
677,2024-09-02,Middle East - GCC,12211,14347,11895,2452,3925,3297,286,2575.0,9636.0,11029,9596,7585,3086,791
678,2024-09-02,North America,1593,76706,69322,7384,22927,13475,205,622.0,971.0,1161,825,609,162,16
679,2024-09-02,RO APAC,1776,50140,30099,20041,11638,8658,410,604.0,1172.0,1473,1294,941,424,186
680,2024-09-09,EU,2037,250103,68222,181881,6336,4125,4,554.0,1483.0,1608,1291,1019,274,17
681,2024-09-09,Greater China,3029,11101,8711,2390,2099,1398,24,766.0,2263.0,2759,2459,1938,863,132
682,2024-09-09,Middle East - GCC,9858,16799,14330,2469,4347,3567,363,1905.0,7953.0,8970,7825,6328,2497,584
683,2024-09-09,North America,1622,83282,74943,8339,27057,15808,288,616.0,1006.0,1199,898,606,139,15
684,2024-09-09,RO APAC,1788,60911,35832,25079,12873,8916,336,485.0,1303.0,1501,1277,1005,386,103
685,2024-09-16,EU,2115,247544,70002,177542,6172,4216,15,647.0,1468.0,1638,1259,974,353,42
686,2024-09-16,Greater China,3026,12273,9649,2624,2184,1549,12,770.0,2256.0,2759,2488,2010,929,125
687,2024-09-16,Middle East - GCC,8124,20149,17260,2889,4969,4144,408,1667.0,6457.0,7208,6202,4879,2130,417
688,2024-09-16,North America,1779,85343,76393,8950,26317,15378,228,651.0,1128.0,1298,988,708,189,18
689,2024-09-16,RO APAC,2101,65223,43146,22077,13694,9178,389,588.0,1513.0,1754,1530,1157,373,132
690,2024-09-23,EU,2382,235661,69795,165866,6526,4503,5,724.0,1658.0,1864,1467,1056,276,25
691,2024-09-23,Greater China,3523,11190,8808,2382,2487,1782,36,1025.0,2498.0,3151,2805,2295,1004,139
692,2024-09-23,Middle East - GCC,8965,22017,19101,2916,5365,4405,502,2069.0,6896.0,7906,6559,5024,2022,499
693,2024-09-23,North America,1695,83571,75522,8049,25762,15148,310,721.0,974.0,1177,824,631,160,26
694,2024-09-23,RO APAC,2144,56053,37715,18338,12457,8589,305,690.0,1454.0,1774,1480,1094,401,98
695,2024-09-30,EU,3318,217542,63616,153926,6184,4186,7,1168.0,2150.0,2397,1908,1397,330,34
696,2024-09-30,Greater China,5143,13629,10341,3288,2664,1920,20,1559.0,3584.0,4465,3892,3069,1273,176
697,2024-09-30,Middle East - GCC,10567,16223,13997,2226,4057,3391,367,2591.0,7976.0,9179,7739,5766,2234,490
698,2024-09-30,North America,2628,73185,66752,6433,22625,13604,220,1213.0,1415.0,1754,1322,941,205,56
699,2024-09-30,RO APAC,3382,44677,30387,14290,9917,7073,279,1352.0,2030.0,2461,2044,1502,490,77
700,2024-10-07,EU,2543,245426,77304,168122,6701,4289,1,797.0,1746.0,1995,1536,1189,281,26
701,2024-10-07,Greater China,4264,10413,7963,2450,1726,1244,15,1364.0,2900.0,3825,3355,2727,1168,158
702,2024-10-07,Middle East - GCC,7685,16376,14217,2159,4240,3569,370,1632.0,6053.0,6828,5798,4396,1950,426
703,2024-10-07,North America,1771,78668,72427,6241,24092,13769,258,748.0,1023.0,1265,978,698,233,87
704,2024-10-07,RO APAC,2016,48042,28748,19294,8767,6369,254,617.0,1399.0,1694,1341,1005,291,51
705,2024-10-14,EU,2626,236497,78296,158201,6926,4735,12,776.0,1850.0,2065,1620,1203,340,35
706,2024-10-14,Greater China,3797,7162,5769,1393,1108,812,23,1170.0,2627.0,3408,3004,2384,1140,151
707,2024-10-14,Middle East - GCC,7370,16669,14218,2451,4607,3791,378,1721.0,5649.0,6594,5536,4193,1577,322
708,2024-10-14,North America,1862,81209,75633,5576,23868,13635,254,718.0,1144.0,1361,1072,722,201,36
709,2024-10-14,RO APAC,1793,42396,27046,15350,8352,6061,234,510.0,1283.0,1440,1157,878,330,32
710,2024-10-21,EU,2501,230977,77608,153369,6242,4146,3,752.0,1749.0,1901,1478,1081,328,23
711,2024-10-21,Greater China,3640,6516,5136,1380,1043,741,11,944.0,2696.0,3354,3055,2417,1147,155
712,2024-10-21,Middle East - GCC,7891,15049,12678,2371,4534,3732,372,1798.0,6093.0,7167,6019,4402,1666,484
713,2024-10-21,North America,1861,67404,63105,4299,20325,12103,334,804.0,1057.0,1325,982,646,166,40
714,2024-10-21,RO APAC,1893,37679,23781,13898,6882,4887,181,506.0,1387.0,1542,1318,1052,366,84
715,2024-10-28,EU,2701,240839,88728,152111,7567,4886,4,951.0,1750.0,2084,1641,1182,310,26
716,2024-10-28,Greater China,3436,5597,4576,1021,770,592,7,1145.0,2291.0,3116,2775,2248,947,143
717,2024-10-28,Middle East - GCC,8164,17281,14800,2481,4286,3534,319,1836.0,6328.0,7229,5923,4371,1706,397
718,2024-10-28,North America,1489,52469,49531,2938,14267,8570,235,591.0,898.0,1061,808,557,169,20
719,2024-10-28,RO APAC,1576,32742,21910,10832,5804,4188,156,452.0,1124.0,1300,1090,868,298,29
720,2024-11-04,EU,3974,213912,73605,140307,6196,4335,1,1786.0,2188.0,2502,1840,1331,415,38
721,2024-11-04,Greater China,4821,4838,4285,553,787,584,7,1486.0,3335.0,4289,3845,3173,1453,194
722,2024-11-04,Middle East - GCC,9561,14551,12568,1983,4305,3700,374,2623.0,6938.0,8138,6659,4922,1533,358
723,2024-11-04,North America,1990,40920,39010,1910,14968,9198,242,856.0,1134.0,1355,985,673,173,27
724,2024-11-04,RO APAC,2120,31047,22484,8563,7054,5068,210,728.0,1392.0,1585,1335,1117,473,91
725,2024-11-11,EU,2646,204220,75927,128293,6162,4318,15,966.0,1680.0,1962,1529,1124,245,12
726,2024-11-11,Greater China,3673,4954,4284,670,863,625,11,1162.0,2511.0,3356,3009,2435,1135,140
727,2024-11-11,Middle East - GCC,8079,22872,20451,2421,5562,4436,402,1840.0,6239.0,7012,5702,4373,1597,363
728,2024-11-11,North America,1827,55261,52905,2356,18576,11569,262,768.0,1059.0,1331,909,584,179,18
729,2024-11-11,RO APAC,1597,32974,25355,7619,7594,5433,181,448.0,1149.0,1293,1118,851,378,100
730,2024-11-18,EU,2742,208254,77910,130344,6864,4593,6,830.0,1912.0,2014,1593,1214,303,23
731,2024-11-18,Greater China,3810,5050,4326,724,829,591,10,1128.0,2682.0,3421,3047,2488,1137,155
732,2024-11-18,Middle East - GCC,7881,19398,17389,2009,4845,3962,398,1995.0,5886.0,6734,5533,4100,1415,276
733,2024-11-18,North America,1866,52310,50108,2202,18196,11749,266,815.0,1051.0,1315,1016,679,188,18
734,2024-11-18,RO APAC,1596,31118,23976,7142,7273,5196,205,470.0,1126.0,1321,1168,902,349,108
735,2024-11-25,EU,3157,205733,76866,128867,6593,4730,9,1115.0,2042.0,2326,1800,1361,291,14
736,2024-11-25,Greater China,4720,5240,4540,700,806,587,8,1374.0,3346.0,4342,3969,3166,1385,220
737,2024-11-25,Middle East - GCC,8586,21842,20061,1781,5626,4605,465,2431.0,6155.0,7209,5873,4238,1473,287
738,2024-11-25,North America,2018,61795,59438,2357,19282,11620,245,841.0,1177.0,1496,1091,796,234,21
739,2024-11-25,RO APAC,1842,32822,24878,7944,7097,5106,235,533.0,1309.0,1538,1347,1075,381,71
740,2024-12-02,EU,4681,217650,85526,132124,7439,5354,12,2234.0,2447.0,2762,2114,1556,481,42
741,2024-12-02,Greater China,6169,4715,4007,708,734,531,7,2030.0,4139.0,5404,4784,3801,1672,197
742,2024-12-02,Middle East - GCC,12244,24098,21935,2163,6100,4723,493,3611.0,8633.0,9874,7741,5716,1848,363
743,2024-12-02,North America,3027,55311,53042,2269,17782,10889,248,1363.0,1664.0,1983,1467,1010,330,56
744,2024-12-02,RO APAC,2490,33379,25377,8002,6985,5058,214,808.0,1682.0,1931,1632,1309,526,173
745,2024-12-09,EU,3854,230881,83851,147030,7591,5376,4,1324.0,2530.0,2807,2193,1621,432,41
746,2024-12-09,Greater China,4337,5563,4640,923,894,605,23,1428.0,2909.0,3909,3559,2988,1254,129
747,2024-12-09,Middle East - GCC,10631,16471,14770,1701,4979,3969,379,2757.0,7874.0,8837,6897,4971,1656,433
748,2024-12-09,North America,2455,52931,51218,1713,19038,11930,280,988.0,1467.0,1751,1349,934,353,43
749,2024-12-09,RO APAC,1899,37024,28412,8612,7472,5261,256,603.0,1296.0,1535,1304,987,329,70
750,2024-12-16,EU,3765,216156,75918,140238,6371,4698,3,1348.0,2417.0,2831,2275,1618,407,42
751,2024-12-16,Greater China,4402,8345,7014,1331,1477,1016,18,1499.0,2903.0,3949,3508,2783,1255,146
752,2024-12-16,Middle East - GCC,9125,21539,19443,2096,6312,4681,520,2213.0,6912.0,7933,6655,4943,1646,412
753,2024-12-16,North America,2594,58361,56120,2241,17444,10103,242,992.0,1602.0,1899,1490,1006,252,47
754,2024-12-16,RO APAC,2093,43984,34004,9980,8917,6181,247,557.0,1536.0,1683,1428,1111,509,114
755,2024-12-23,EU,3298,250975,86571,164404,7150,4810,3,1229.0,2069.0,2406,1891,1411,433,57
756,2024-12-23,Greater China,4720,11085,9629,1456,1702,1148,26,1349.0,3371.0,4119,3625,2917,1256,143
757,2024-12-23,Middle East - GCC,12212,30188,27735,2453,7319,5058,444,2651.0,9561.0,10603,8759,6810,2521,633
758,2024-12-23,North America,2917,79573,75608,3965,25153,13799,354,1013.0,1904.0,2205,1671,1186,339,78
759,2024-12-23,RO APAC,2715,57163,44521,12642,11685,7794,357,812.0,1903.0,2143,1758,1310,433,122
760,2024-12-30,EU,2730,201740,73018,128722,5222,2820,-3,1094.0,1636.0,1835,1462,988,217,16
761,2024-12-30,Greater China,5029,4792,4029,763,596,452,8,1584.0,3445.0,4275,3698,2733,1022,106
762,2024-12-30,Middle East - GCC,14068,19425,17892,1533,4401,3525,260,3167.0,10901.0,11923,9555,7137,2212,518
763,2024-12-30,North America,2606,55625,53038,2587,16637,9598,182,1059.0,1547.0,1800,1285,905,235,34
764,2024-12-30,RO APAC,2825,32864,24278,8586,6344,4172,160,1000.0,1825.0,2134,1688,1152,421,90
765,2025-01-06,EU,3278,230641,49699,180942,2884,1973,5,1602.0,1676.0,1870,1381,942,199,23
766,2025-01-06,Greater China,5798,5710,4711,999,751,594,14,2031.0,3767.0,4737,4134,3195,1425,210
767,2025-01-06,Middle East - GCC,17733,13974,12477,1497,3461,2985,257,4889.0,12844.0,14356,11422,8241,2770,722
768,2025-01-06,North America,2902,29461,27115,2346,7399,4316,86,1446.0,1456.0,1718,1158,710,184,23
769,2025-01-06,RO APAC,3513,30196,17825,12371,3691,2797,136,1348.0,2165.0,2566,2015,1463,529,116
770,2025-01-13,EU,2206,182783,51607,131176,3674,2645,3,714.0,1492.0,1655,1260,1009,253,37
771,2025-01-13,Greater China,4337,6563,5339,1224,961,717,-2,1471.0,2866.0,3697,3317,2568,1081,164
772,2025-01-13,Middle East - GCC,10333,12196,10834,1362,3212,2594,259,2526.0,7807.0,8725,7089,5241,1853,442
773,2025-01-13,North America,1834,41494,39201,2293,12227,7461,230,773.0,1061.0,1272,964,634,180,17
774,2025-01-13,RO APAC,2033,31073,21449,9624,5465,4043,164,610.0,1423.0,1591,1316,984,358,65
775,2025-01-20,EU,2205,165391,57150,108241,4622,3393,11,750.0,1455.0,1686,1285,985,240,22
776,2025-01-20,Greater China,3836,10033,8040,1993,1558,1013,24,1375.0,2461.0,3370,2957,2339,966,103
777,2025-01-20,Middle East - GCC,6736,15723,14383,1340,3776,3161,313,1582.0,5154.0,5907,4906,3785,1396,435
778,2025-01-20,North America,1451,46989,44876,2113,13293,8159,227,526.0,925.0,1049,772,566,157,29
779,2025-01-20,RO APAC,1485,31753,23305,8448,6300,4294,183,411.0,1074.0,1171,1009,808,264,64
780,2025-01-27,EU,2605,172495,58132,114363,4996,3521,8,941.0,1664.0,1828,1412,1075,272,23
781,2025-01-27,Greater China,4871,15435,12432,3003,2431,1718,20,1732.0,3139.0,4134,3646,2916,1391,174
782,2025-01-27,Middle East - GCC,8327,15242,13745,1497,3746,3049,327,2532.0,5795.0,6734,5371,3982,1307,314
783,2025-01-27,North America,1950,40142,38211,1931,12761,8366,259,828.0,1122.0,1417,1056,753,203,33
784,2025-01-27,RO APAC,1956,28868,20862,8006,5738,4065,147,760.0,1196.0,1462,1232,1024,355,138
785,2025-02-03,EU,2014,188992,61078,127914,4848,3480,6,673.0,1341.0,1538,1234,862,240,22
786,2025-02-03,Greater China,3622,10937,8934,2003,1657,1214,15,1324.0,2298.0,3141,2734,2127,951,106
787,2025-02-03,Middle East - GCC,7286,12648,11430,1218,3480,2855,328,1998.0,5288.0,6120,5051,3771,1344,337
788,2025-02-03,North America,1433,35960,34070,1890,12334,8062,227,603.0,830.0,1002,771,509,114,18
789,2025-02-03,RO APAC,1374,25422,17170,8252,5380,3865,142,407.0,967.0,1088,933,756,306,78
790,2025-02-10,EU,2147,203683,58839,144844,4833,3492,2,734.0,1413.0,1635,1327,907,274,20
791,2025-02-10,Greater China,3550,3713,3235,478,633,463,5,1224.0,2326.0,3214,2861,2273,1067,115
792,2025-02-10,Middle East - GCC,7416,12425,11209,1216,3698,3085,339,1693.0,5723.0,6543,5438,4112,1521,427
793,2025-02-10,North America,1372,34637,32997,1640,11862,7619,226,509.0,863.0,1058,863,589,148,17
794,2025-02-10,RO APAC,1125,27065,18523,8542,5384,3785,167,350.0,775.0,880,753,615,215,30
795,2025-02-17,EU,2118,213932,61318,152614,4715,3309,1,721.0,1397.0,1583,1219,953,252,14
796,2025-02-17,Greater China,3781,4553,3947,606,788,613,13,1288.0,2493.0,3377,3018,2403,1054,118
797,2025-02-17,Middle East - GCC,8397,13384,12217,1167,3711,3042,332,2043.0,6354.0,7358,6163,4752,1637,466
798,2025-02-17,North America,1683,51111,48930,2181,15402,9337,236,623.0,1060.0,1217,964,626,179,16
799,2025-02-17,RO APAC,1315,29886,20272,9614,5588,3949,185,406.0,909.0,1077,875,673,260,28
800,2025-02-24,EU,2031,199463,56447,143016,5124,3436,5,684.0,1347.0,1437,1140,798,253,10
801,2025-02-24,Greater China,3398,3463,3063,400,656,461,12,1059.0,2339.0,3055,2755,2244,1115,150
802,2025-02-24,Middle East - GCC,8494,14799,12151,2648,3986,3361,389,2279.0,6215.0,7263,5936,4594,1495,303
803,2025-02-24,North America,1414,40406,38667,1739,14281,9270,253,577.0,837.0,1047,783,524,158,6
804,2025-02-24,RO APAC,1318,26358,18052,8306,5678,4284,135,384.0,934.0,1129,930,760,337,81
805,2025-03-03,EU,2439,199827,69034,130793,5795,3967,9,754.0,1685.0,1905,1490,1138,340,52
806,2025-03-03,Greater China,3086,3335,2932,403,624,468,9,980.0,2106.0,2781,2579,2183,1078,134
807,2025-03-03,Middle East - GCC,5208,7525,6290,1235,1564,1221,155,1166.0,4042.0,4570,3740,2970,1060,257
808,2025-03-03,North America,1496,47654,45864,1790,14933,9348,226,606.0,890.0,1097,894,583,177,12
809,2025-03-03,RO APAC,1202,24826,17823,7003,5707,4201,166,392.0,810.0,951,829,662,241,27
810,2025-03-10,EU,2149,198121,64341,133780,5561,3822,1,704.0,1445.0,1658,1330,983,247,14
811,2025-03-10,Greater China,3113,3908,3472,436,713,530,17,952.0,2161.0,2785,2500,2087,958,135
812,2025-03-10,Middle East - GCC,2383,9432,8101,1331,1657,1214,100,500.0,1883.0,2196,1926,1556,661,183
813,2025-03-10,North America,1411,65717,63012,2705,18932,11080,206,598.0,813.0,1061,845,562,198,35
814,2025-03-10,RO APAC,1157,28956,21439,7517,6624,4794,178,394.0,763.0,904,728,597,215,37
815,2025-03-17,EU,2142,197116,63436,133680,5424,3947,1,712.0,1430.0,1660,1327,946,278,33
816,2025-03-17,Greater China,3693,3813,3367,446,611,468,7,1038.0,2655.0,3365,3038,2556,1295,158
817,2025-03-17,Middle East - GCC,2285,8652,7450,1202,1715,1258,113,556.0,1729.0,2077,1810,1482,644,156
818,2025-03-17,North America,1627,64564,61911,2653,19091,10992,26,704.0,923.0,1211,944,703,202,52
819,2025-03-17,RO APAC,1367,30335,22481,7854,6751,4825,152,408.0,959.0,1107,972,786,323,98
820,2025-03-24,EU,2205,183698,53322,130376,5449,3752,8,718.0,1487.0,1652,1306,954,202,16
821,2025-03-24,Greater China,3339,3872,3403,469,660,490,16,1021.0,2318.0,3014,2669,2196,1071,147
822,2025-03-24,Middle East - GCC,2291,10559,8885,1674,2357,1562,151,517.0,1774.0,2118,1820,1474,723,140
823,2025-03-24,North America,1582,58735,56818,1917,18475,10898,-59,674.0,908.0,1211,903,596,160,6
824,2025-03-24,RO APAC,1501,29917,21781,8136,6380,4591,101,457.0,1044.0,1234,1051,814,281,72
825,2025-03-31,EU,2273,181351,60008,121343,5392,3643,-4,676.0,1597.0,1777,1423,1108,338,26
826,2025-03-31,Greater China,3128,4980,4288,692,886,618,-8,995.0,2133.0,2783,2493,2037,963,152
827,2025-03-31,Middle East - GCC,4279,20734,18778,1956,4634,3564,326,988.0,3291.0,3834,3257,2449,994,228
828,2025-03-31,North America,1696,61867,60211,1656,18722,10847,-205,721.0,975.0,1274,1009,686,234,17
829,2025-03-31,RO APAC,1442,34293,24385,9908,6856,4694,-242,444.0,998.0,1200,1027,762,258,77
830,2025-04-07,EU,1959,194956,62955,132001,5281,3252,-24,632.0,1327.0,1419,1128,927,256,13
831,2025-04-07,Greater China,2782,7246,6163,1083,973,674,-44,833.0,1949.0,2424,2179,1782,821,91
832,2025-04-07,Middle East - GCC,9441,18826,16416,2410,4167,3245,320,2449.0,6992.0,7999,6538,4875,1692,432
833,2025-04-07,North America,1612,72834,69467,3367,19033,10470,-1106,732.0,880.0,1163,909,578,164,7
834,2025-04-07,RO APAC,1428,45135,30402,14733,7201,4368,-1033,488.0,940.0,1136,971,783,293,38
835,2025-04-14,EU,1808,200238,71184,129054,5900,3242,-307,593.0,1215.0,1310,1077,888,234,12
836,2025-04-14,Greater China,2473,7319,6269,1050,501,179,-394,755.0,1718.0,2178,1993,1672,803,68
837,2025-04-14,Middle East - GCC,7700,16464,14358,2106,2914,2184,43,1892.0,5808.0,6711,5530,3989,1506,338
838,2025-04-14,North America,1583,83090,79524,3566,10482,2105,-9605,827.0,756.0,1041,745,456,87,9
839,2025-04-14,RO APAC,1457,46592,30729,15863,5053,2317,-2301,537.0,920.0,1116,941,742,231,36
840,2025-04-21,EU,1821,178709,62816,115893,4629,2184,-482,653.0,1168.0,1355,1075,824,278,19
841,2025-04-21,Greater China,2486,5246,4290,956,541,267,-277,717.0,1769.0,2220,1971,1588,784,63
842,2025-04-21,Middle East - GCC,5142,11112,9615,1497,1643,1337,31,1196.0,3946.0,4460,3747,2873,1153,219
843,2025-04-21,North America,1380,65665,63633,2032,9253,2219,-7187,682.0,698.0,915,703,458,104,16
844,2025-04-21,RO APAC,1359,28919,18141,10778,3750,2139,-1153,454.0,905.0,1111,848,657,227,21
845,2025-04-28,EU,2503,163175,55909,107266,3886,2571,-372,1154.0,1349.0,1563,1309,1012,336,16
846,2025-04-28,Greater China,3441,6461,4968,1493,795,421,-234,1075.0,2366.0,3056,2735,2279,1081,102
847,2025-04-28,Middle East - GCC,4859,11296,9414,1882,2615,2152,174,1228.0,3631.0,4173,3540,2781,1085,173
848,2025-04-28,North America,1798,67847,64922,2925,20003,10999,-1569,952.0,846.0,1023,770,526,108,20
849,2025-04-28,RO APAC,1634,33500,22644,10856,6557,4567,-677,589.0,1045.0,1197,1052,861,342,52
