Date,Txn_Date,USDGBP,EURGBP,CNYGBP,AEDGBP,INRGBP,JPYGBP 
28/01/2022,31/01/2022,0.7462,0.83224,0.117324,0.2032,0.009929,0.006474
04/02/2022,07/02/2022,0.7392,0.84615,0.11621,0.2013,0.009889,0.006416
11/02/2022,14/02/2022,0.7374,0.83698,0.116023,0.2007,0.009772,0.006388
18/02/2022,21/02/2022,0.7359,0.83326,0.116322,0.2004,0.009845,0.006396
25/02/2022,28/02/2022,0.7455,0.84022,0.118012,0.203,0.009922,0.006453
04/03/2022,07/03/2022,0.7555,0.82595,0.119547,0.2057,0.009889,0.00658
11/03/2022,14/03/2022,0.767,0.83703,0.120976,0.2088,0.009971,0.006538
18/03/2022,21/03/2022,0.7589,0.83861,0.119287,0.2066,0.010033,0.006369
25/03/2022,28/03/2022,0.7586,0.83312,0.119158,0.2066,0.009938,0.006215
01/04/2022,04/04/2022,0.7625,0.84204,0.119841,0.2076,0.010024,0.006223
08/04/2022,11/04/2022,0.7671,0.83482,0.120521,0.2089,0.010124,0.006172
15/04/2022,18/04/2022,0.7657,0.82784,0.120154,0.2084,0.010099,0.006055
22/04/2022,25/04/2022,0.7789,0.84111,0.119807,0.212,0.01015,0.006057
29/04/2022,02/05/2022,0.7953,0.83878,0.120326,0.2165,0.010402,0.006128
06/05/2022,09/05/2022,0.8102,0.85527,0.121584,0.2207,0.010553,0.006209
13/05/2022,16/05/2022,0.8155,0.84913,0.120115,0.2221,0.01055,0.00631
20/05/2022,23/05/2022,0.8004,0.84561,0.119595,0.2179,0.010345,0.006256
27/05/2022,30/05/2022,0.7918,0.84974,0.118185,0.2156,0.010202,0.00623
03/06/2022,06/06/2022,0.8007,0.85826,0.120211,0.218,0.010293,0.00612
10/06/2022,13/06/2022,0.812,0.85414,0.120999,0.221,0.010386,0.00604
17/06/2022,20/06/2022,0.8182,0.85847,0.121816,0.2228,0.010514,0.006061
24/06/2022,27/06/2022,0.8147,0.86001,0.121776,0.2218,0.010417,0.006026
01/07/2022,04/07/2022,0.8265,0.86165,0.123322,0.225,0.010541,0.006112
08/07/2022,11/07/2022,0.8309,0.84639,0.124123,0.2262,0.010487,0.006107
15/07/2022,18/07/2022,0.8426,0.85015,0.124687,0.2294,0.010596,0.006083
22/07/2022,25/07/2022,0.8334,0.85093,0.123348,0.2267,0.010489,0.006121
29/07/2022,01/08/2022,0.8216,0.83934,0.121742,0.2235,0.0104,0.006163
05/08/2022,08/08/2022,0.8283,0.84346,0.122523,0.2256,0.010484,0.006134
12/08/2022,15/08/2022,0.8239,0.84543,0.12221,0.2244,0.010347,0.006173
19/08/2022,22/08/2022,0.8454,0.84848,0.123999,0.2302,0.010596,0.006173
26/08/2022,29/08/2022,0.8515,0.84851,0.123937,0.2319,0.010579,0.006189
02/09/2022,05/09/2022,0.8689,0.8649,0.125904,0.2366,0.010848,0.006197
09/09/2022,12/09/2022,0.8629,0.86666,0.124576,0.2349,0.010872,0.006053
16/09/2022,19/09/2022,0.8756,0.87683,0.125404,0.2384,0.01102,0.006126
23/09/2022,26/09/2022,0.9209,0.89294,0.129212,0.2508,0.011147,0.006427
30/09/2022,03/10/2022,0.8953,0.87751,0.125825,0.2438,0.011127,0.006185
07/10/2022,10/10/2022,0.9021,0.87855,0.126666,0.2454,0.010924,0.006206
14/10/2022,17/10/2022,0.8951,0.87021,0.124365,0.2435,0.010837,0.006012
21/10/2022,24/10/2022,0.8847,0.8731,0.122396,0.241,0.010923,0.005994
28/10/2022,31/10/2022,0.861,0.85812,0.118708,0.2344,0.010495,0.005838
04/11/2022,07/11/2022,0.8788,0.87566,0.122349,0.2393,0.010836,0.005994
11/11/2022,14/11/2022,0.8453,0.87462,0.119052,0.23,0.010522,0.006086
18/11/2022,21/11/2022,0.841,0.86842,0.118113,0.2289,0.010283,0.005992
25/11/2022,28/11/2022,0.827,0.85989,0.115407,0.2252,0.010123,0.005942
02/12/2022,05/12/2022,0.8143,0.8573,0.115333,0.2215,0.010019,0.006057
09/12/2022,12/12/2022,0.8158,0.85922,0.117129,0.2219,0.009899,0.00597
16/12/2022,19/12/2022,0.8232,0.87159,0.118133,0.2243,0.009903,0.006025
23/12/2022,26/12/2022,0.8304,0.88111,0.118737,0.226,0.010008,0.006249
30/12/2022,02/01/2023,0.8276,0.88534,0.119815,0.2251,0.010029,0.006304
06/01/2023,09/01/2023,0.8269,0.88022,0.121103,0.2251,0.010016,0.00626
13/01/2023,16/01/2023,0.8178,0.88569,0.121986,0.2226,0.01011,0.006393
20/01/2023,23/01/2023,0.8067,0.87564,0.118715,0.2196,0.009962,0.006226
27/01/2023,30/01/2023,0.8076,0.87743,0.118757,0.2196,0.009924,0.006212
03/02/2023,06/02/2023,0.8295,0.89555,0.122041,0.2258,0.009977,0.006323
10/02/2023,13/02/2023,0.8291,0.88531,0.121695,0.2258,0.010019,0.006309
17/02/2023,20/02/2023,0.8308,0.88853,0.120901,0.2261,0.01006,0.00619
24/02/2023,27/02/2023,0.8373,0.88319,0.12032,0.228,0.010107,0.006136
03/03/2023,06/03/2023,0.8308,0.88301,0.120252,0.2261,0.010171,0.006112
10/03/2023,13/03/2023,0.8313,0.88427,0.120136,0.2263,0.010119,0.006156
17/03/2023,20/03/2023,0.8215,0.87589,0.11919,0.2235,0.009932,0.006228
24/03/2023,27/03/2023,0.8175,0.87973,0.119046,0.2226,0.009928,0.006255
31/03/2023,03/04/2023,0.8106,0.87902,0.117991,0.2208,0.009834,0.006107
07/04/2023,10/04/2023,0.8053,0.87819,0.11724,0.2192,0.009812,0.006094
14/04/2023,17/04/2023,0.8056,0.88551,0.11726,0.2194,0.009746,0.006021
21/04/2023,24/04/2023,0.8044,0.88363,0.116621,0.2189,0.009816,0.005993
28/04/2023,01/05/2023,0.7957,0.87676,0.115012,0.2167,0.009714,0.005843
05/05/2023,08/05/2023,0.7914,0.87252,0.114574,0.2156,0.0097,0.005872
12/05/2023,15/05/2023,0.8027,0.87156,0.115436,0.2188,0.009732,0.005918
19/05/2023,22/05/2023,0.8035,0.86812,0.114581,0.2188,0.009707,0.005827
26/05/2023,29/05/2023,0.8101,0.86865,0.114641,0.2206,0.009799,0.00576
02/06/2023,05/06/2023,0.803,0.86001,0.113133,0.2187,0.009717,0.005738
09/06/2023,12/06/2023,0.7954,0.85457,0.111481,0.2165,0.009632,0.005705
16/06/2023,19/06/2023,0.7802,0.85324,0.109411,0.2123,0.009521,0.005497
23/06/2023,26/06/2023,0.7866,0.85669,0.109536,0.2141,0.009586,0.005472
30/06/2023,03/07/2023,0.7872,0.85927,0.108581,0.2144,0.009599,0.005458
07/07/2023,10/07/2023,0.7789,0.85416,0.107772,0.212,0.009412,0.005479
14/07/2023,17/07/2023,0.7638,0.85752,0.106941,0.2079,0.009294,0.005503
21/07/2023,24/07/2023,0.778,0.86562,0.108236,0.2118,0.009499,0.005487
28/07/2023,31/07/2023,0.7781,0.85739,0.108864,0.2119,0.009461,0.005513
04/08/2023,07/08/2023,0.7844,0.86339,0.109361,0.2136,0.009455,0.005533
11/08/2023,14/08/2023,0.7876,0.8625,0.108816,0.2145,0.009503,0.005434
18/08/2023,21/08/2023,0.7853,0.85381,0.1078,0.2138,0.009451,0.005401
25/08/2023,28/08/2023,0.795,0.8582,0.109244,0.2164,0.009591,0.00543
01/09/2023,04/09/2023,0.7943,0.85605,0.109309,0.2163,0.00955,0.005432
08/09/2023,11/09/2023,0.802,0.85821,0.109231,0.2184,0.009645,0.005427
15/09/2023,18/09/2023,0.8075,0.86072,0.110994,0.2199,0.009692,0.005462
22/09/2023,25/09/2023,0.817,0.86963,0.111928,0.2224,0.009827,0.005505
29/09/2023,02/10/2023,0.8197,0.86664,0.112314,0.2232,0.009874,0.005487
06/10/2023,09/10/2023,0.8172,0.86513,0.111975,0.2225,0.009888,0.005473
13/10/2023,16/10/2023,0.8235,0.8653,0.112701,0.2242,0.009873,0.005507
20/10/2023,23/10/2023,0.8221,0.87102,0.112384,0.2239,0.009914,0.005486
27/10/2023,30/10/2023,0.8249,0.87156,0.112752,0.2246,0.009894,0.005513
03/11/2023,06/11/2023,0.8077,0.86661,0.111017,0.2199,0.009698,0.005407
10/11/2023,13/11/2023,0.8178,0.87386,0.112259,0.2226,0.009824,0.005397
17/11/2023,20/11/2023,0.8025,0.87583,0.11123,0.2185,0.009675,0.005363
24/11/2023,27/11/2023,0.7935,0.86779,0.110994,0.216,0.00954,0.00531
01/12/2023,04/12/2023,0.7868,0.85639,0.110367,0.2142,0.009506,0.005359
08/12/2023,11/12/2023,0.7969,0.85769,0.111136,0.217,0.009538,0.005497
15/12/2023,18/12/2023,0.7886,0.85929,0.110741,0.2148,0.009483,0.005548
22/12/2023,25/12/2023,0.7874,0.86699,0.110532,0.2145,0.009444,0.00553
29/12/2023,01/01/2024,0.7855,0.86691,0.110626,0.2139,0.009445,0.005569
05/01/2024,08/01/2024,0.7862,0.86032,0.110006,0.214,0.009452,0.005436
12/01/2024,15/01/2024,0.7841,0.85886,0.109417,0.2136,0.009441,0.005412
19/01/2024,22/01/2024,0.7872,0.85784,0.109431,0.2144,0.009498,0.005314
26/01/2024,29/01/2024,0.7872,0.8544,0.109684,0.2144,0.009471,0.005314
02/02/2024,05/02/2024,0.7917,0.85405,0.110045,0.2156,0.00954,0.005335
09/02/2024,12/02/2024,0.7919,0.85399,0.110074,0.2156,0.009537,0.005304
16/02/2024,19/02/2024,0.7935,0.85525,0.11031,0.2161,0.009545,0.005283
23/02/2024,26/02/2024,0.7891,0.85391,0.109662,0.2149,0.009498,0.005243
01/03/2024,04/03/2024,0.7902,0.8565,0.109804,0.2152,0.009554,0.005264
08/03/2024,11/03/2024,0.7778,0.85084,0.108228,0.2118,0.009448,0.005288
15/03/2024,18/03/2024,0.7852,0.85498,0.109132,0.2138,0.009479,0.005269
22/03/2024,25/03/2024,0.7936,0.85774,0.10978,0.2161,0.009514,0.00524
29/03/2024,01/04/2024,0.7922,0.85486,0.109933,0.2157,0.009499,0.005235
05/04/2024,08/04/2024,0.7913,0.85747,0.109389,0.2154,0.009499,0.005218
12/04/2024,15/04/2024,0.8031,0.85474,0.110981,0.2187,0.009641,0.00524
19/04/2024,22/04/2024,0.8084,0.86142,0.111664,0.2201,0.00968,0.005228
26/04/2024,29/04/2024,0.8005,0.85599,0.11046,0.2179,0.009627,0.005055
03/05/2024,06/05/2024,0.797,0.85778,0.110393,0.217,0.00955,0.005207
10/05/2024,13/05/2024,0.7984,0.86002,0.110473,0.2174,0.00956,0.005125
17/05/2024,20/05/2024,0.7873,0.85575,0.108981,0.2144,0.009465,0.005058
24/05/2024,27/05/2024,0.7851,0.85157,0.10866,0.2138,0.009455,0.005002
31/05/2024,03/06/2024,0.7848,0.85149,0.108371,0.2136,0.009411,0.004989
07/06/2024,10/06/2024,0.7862,0.84923,0.10847,0.2141,0.009365,0.005015
14/06/2024,17/06/2024,0.7882,0.84383,0.10864,0.2147,0.00943,0.005008
21/06/2024,24/06/2024,0.7909,0.84564,0.108919,0.2153,0.009469,0.004949
28/06/2024,01/07/2024,0.7908,0.84727,0.108817,0.2153,0.009491,0.004915
05/07/2024,08/07/2024,0.7803,0.8458,0.107356,0.2125,0.009363,0.004855
12/07/2024,15/07/2024,0.7699,0.83973,0.106198,0.2097,0.009218,0.004879
19/07/2024,22/07/2024,0.7744,0.8426,0.106512,0.2108,0.009251,0.004918
26/07/2024,29/07/2024,0.7772,0.84373,0.107186,0.2116,0.009278,0.005055
02/08/2024,05/08/2024,0.7812,0.8521,0.108923,0.2126,0.009325,0.005329
09/08/2024,12/08/2024,0.7836,0.85552,0.109337,0.2133,0.009335,0.005346
16/08/2024,19/08/2024,0.7726,0.85186,0.107899,0.2103,0.009214,0.005234
23/08/2024,26/08/2024,0.7568,0.84682,0.1063,0.2061,0.009019,0.005242
30/08/2024,02/09/2024,0.7618,0.84149,0.107426,0.2074,0.009091,0.005211
06/09/2024,09/09/2024,0.7617,0.84418,0.107308,0.2074,0.009043,0.005352
13/09/2024,16/09/2024,0.762,0.84391,0.107351,0.2074,0.009081,0.00541
20/09/2024,23/09/2024,0.7507,0.83794,0.106515,0.2044,0.008981,0.005215
27/09/2024,30/09/2024,0.7477,0.83467,0.106662,0.2036,0.008919,0.005258
04/10/2024,07/10/2024,0.7621,0.83618,0.106521,0.2075,0.009074,0.005125
11/10/2024,14/10/2024,0.7653,0.83701,0.108306,0.2084,0.009099,0.005132
18/10/2024,21/10/2024,0.7662,0.83271,0.107885,0.2086,0.009124,0.005124
25/10/2024,28/10/2024,0.7715,0.83288,0.108336,0.21,0.009175,0.005066
01/11/2024,04/11/2024,0.7738,0.8386,0.108577,0.2107,0.009225,0.005059
08/11/2024,11/11/2024,0.774,0.82965,0.107736,0.2107,0.009182,0.005071
15/11/2024,18/11/2024,0.7925,0.83521,0.109621,0.2158,0.009347,0.005134
22/11/2024,25/11/2024,0.7981,0.83132,0.110153,0.2173,0.009453,0.005156
29/11/2024,02/12/2024,0.7853,0.83059,0.108368,0.2138,0.009324,0.005245
06/12/2024,09/12/2024,0.7847,0.82932,0.107925,0.2137,0.00926,0.005231
13/12/2024,16/12/2024,0.7925,0.83223,0.108947,0.2158,0.009344,0.005159
20/12/2024,23/12/2024,0.7955,0.8297,0.108797,0.2166,0.009373,0.005086
27/12/2024,30/12/2024,0.7951,0.82901,0.108981,0.2165,0.00931,0.005036
03/01/2025,06/01/2025,0.8049,0.82967,0.109954,0.2192,0.009395,0.005118
10/01/2025,13/01/2025,0.8192,0.83898,0.111702,0.2231,0.009528,0.005194
17/01/2025,20/01/2025,0.8218,0.84422,0.112178,0.2238,0.009488,0.005258
24/01/2025,27/01/2025,0.8011,0.84064,0.110652,0.2181,0.009285,0.005135
31/01/2025,03/02/2025,0.8067,0.83604,0.111199,0.2197,0.009301,0.005199
07/02/2025,10/02/2025,0.8063,0.83279,0.110428,0.2195,0.009222,0.005325
14/02/2025,17/02/2025,0.7945,0.83361,0.109382,0.2163,0.009152,0.005216
21/02/2025,24/02/2025,0.7917,0.82789,0.10917,0.2156,0.009124,0.005303
28/02/2025,03/03/2025,0.7951,0.82494,0.109229,0.2165,0.009085,0.005279
07/03/2025,10/03/2025,0.774,0.83826,0.10685,0.2107,0.008905,0.005228
14/03/2025,17/03/2025,0.7731,0.84119,0.106815,0.2105,0.008879,0.005201
21/03/2025,24/03/2025,0.774,0.8375,0.106757,0.2108,0.009005,0.005185
28/03/2025,31/03/2025,0.7728,0.83671,0.106367,0.2104,0.009045,0.005157
04/04/2025,07/04/2025,0.7759,0.85016,0.105691,0.2112,0.009021,0.005278
11/04/2025,14/04/2025,0.764,0.86835,0.104895,0.2081,0.008863,0.005325
18/04/2025,21/04/2025,0.7521,0.85708,0.103085,0.2048,0.008825,0.005291
25/04/2025,28/04/2025,0.7511,0.85357,0.103087,0.2045,0.008785,0.005228
02/05/2025,05/05/2025,0.7535,0.85171,0.103638,0.2052,0.008899,0.005199
09/05/2025,12/05/2025,0.7515,0.84582,0.103787,0.2047,0.008822,0.005171
16/05/2025,19/05/2025,0.7529,0.84045,0.10443,0.205,0.008801,0.00517
,,,,,,,
,,,,,,,
,,,,,,,
,,,,,,,
,,,,,,,
,,,,,,,
,,,,,,,
,,,,,,,
,,,,,,,
,,,,,,,
,,,,,,,
,,,,,,,
,,,,,,,
,,,,,,,
,,,,,,,
,,,,,,,
,,,,,,,
,,,,,,,
,,,,,,,
,,,,,,,
,,,,,,,
,,,,,,,
,,,,,,,
,,,,,,,
,,,,,,,
,,,,,,,
,,,,,,,
,,,,,,,
,,,,,,,
,,,,,,,
,,,,,,,
,,,,,,,
,,,,,,,
,,,,,,,
,,,,,,,
,,,,,,,
,,,,,,,
,,,,,,,
,,,,,,,
,,,,,,,
,,,,,,,
,,,,,,,
,,,,,,,
,,,,,,,
,,,,,,,
,,,,,,,
,,,,,,,
,,,,,,,
,,,,,,,
,,,,,,,
,,,,,,,
,,,,,,,
,,,,,,,
,,,,,,,
,,,,,,,
,,,,,,,
,,,,,,,
,,,,,,,
,,,,,,,
,,,,,,,
,,,,,,,
,,,,,,,
,,,,,,,
,,,,,,,
,,,,,,,
,,,,,,,
,,,,,,,
,,,,,,,
,,,,,,,
,,,,,,,
,,,,,,,
,,,,,,,
,,,,,,,
,,,,,,,
,,,,,,,
,,,,,,,
,,,,,,,
,,,,,,,
,,,,,,,
,,,,,,,
,,,,,,,
,,,,,,,
,,,,,,,
,,,,,,,
,,,,,,,
,,,,,,,
,,,,,,,
,,,,,,,
,,,,,,,
,,,,,,,
,,,,,,,
,,,,,,,
,,,,,,,
,,,,,,,
,,,,,,,
,,,,,,,
,,,,,,,
,,,,,,,
,,,,,,,
,,,,,,,
,,,,,,,
,,,,,,,
,,,,,,,
,,,,,,,
,,,,,,,
,,,,,,,
,,,,,,,
,,,,,,,
,,,,,,,
,,,,,,,
,,,,,,,
,,,,,,,
,,,,,,,
,,,,,,,
,,,,,,,
,,,,,,,
,,,,,,,
,,,,,,,
,,,,,,,
,,,,,,,
,,,,,,,
,,,,,,,
,,,,,,,
,,,,,,,
,,,,,,,
,,,,,,,
,,,,,,,
,,,,,,,
,,,,,,,
,,,,,,,
,,,,,,,
,,,,,,,
,,,,,,,
,,,,,,,
,,,,,,,
,,,,,,,
,,,,,,,
,,,,,,,
,,,,,,,
,,,,,,,
,,,,,,,
,,,,,,,
,,,,,,,
,,,,,,,
,,,,,,,
,,,,,,,
,,,,,,,
,,,,,,,
,,,,,,,
,,,,,,,
,,,,,,,
,,,,,,,
,,,,,,,
,,,,,,,
,,,,,,,
,,,,,,,
,,,,,,,
,,,,,,,
,,,,,,,
,,,,,,,
,,,,,,,
,,,,,,,
,,,,,,,
,,,,,,,
,,,,,,,
,,,,,,,
,,,,,,,
,,,,,,,
,,,,,,,
,,,,,,,
,,,,,,,
,,,,,,,
,,,,,,,
,,,,,,,
,,,,,,,
,,,,,,,
,,,,,,,
,,,,,,,
,,,,,,,
,,,,,,,
,,,,,,,
,,,,,,,
,,,,,,,
,,,,,,,
,,,,,,,
,,,,,,,
,,,,,,,
,,,,,,,
,,,,,,,
,,,,,,,
,,,,,,,
,,,,,,,
,,,,,,,
,,,,,,,
,,,,,,,
,,,,,,,
,,,,,,,
,,,,,,,
,,,,,,,
,,,,,,,
,,,,,,,
,,,,,,,
,,,,,,,
,,,,,,,
,,,,,,,
,,,,,,,
,,,,,,,
,,,,,,,
,,,,,,,
,,,,,,,
,,,,,,,
,,,,,,,
,,,,,,,
,,,,,,,
,,,,,,,
,,,,,,,
,,,,,,,
,,,,,,,
,,,,,,,
,,,,,,,
,,,,,,,
,,,,,,,
,,,,,,,
,,,,,,,
,,,,,,,
,,,,,,,
,,,,,,,
,,,,,,,
,,,,,,,
,,,,,,,
,,,,,,,
,,,,,,,
,,,,,,,
,,,,,,,
,,,,,,,
,,,,,,,
,,,,,,,
,,,,,,,
,,,,,,,
,,,,,,,
,,,,,,,
,,,,,,,
,,,,,,,
,,,,,,,
,,,,,,,
,,,,,,,
,,,,,,,
,,,,,,,
,,,,,,,
,,,,,,,
,,,,,,,
,,,,,,,
,,,,,,,
,,,,,,,
,,,,,,,
,,,,,,,
,,,,,,,
,,,,,,,
,,,,,,,
,,,,,,,
,,,,,,,
,,,,,,,
,,,,,,,
,,,,,,,
,,,,,,,
,,,,,,,
,,,,,,,
,,,,,,,
,,,,,,,
,,,,,,,
,,,,,,,
,,,,,,,
,,,,,,,
,,,,,,,
,,,,,,,
,,,,,,,
,,,,,,,
,,,,,,,
,,,,,,,
,,,,,,,
,,,,,,,
,,,,,,,
,,,,,,,
,,,,,,,
,,,,,,,
,,,,,,,
,,,,,,,
,,,,,,,
,,,,,,,
,,,,,,,
,,,,,,,
,,,,,,,
,,,,,,,
,,,,,,,
,,,,,,,
,,,,,,,
,,,,,,,
,,,,,,,
,,,,,,,
,,,,,,,
,,,,,,,
,,,,,,,
,,,,,,,
,,,,,,,
,,,,,,,
,,,,,,,
,,,,,,,
,,,,,,,
,,,,,,,
,,,,,,,
,,,,,,,
,,,,,,,
,,,,,,,
,,,,,,,
,,,,,,,
,,,,,,,
,,,,,,,
,,,,,,,
,,,,,,,
,,,,,,,
,,,,,,,
,,,,,,,
,,,,,,,
,,,,,,,
,,,,,,,
,,,,,,,
,,,,,,,
,,,,,,,
,,,,,,,
,,,,,,,
,,,,,,,
,,,,,,,
,,,,,,,
,,,,,,,
,,,,,,,
,,,,,,,
,,,,,,,
,,,,,,,
,,,,,,,
,,,,,,,
,,,,,,,
,,,,,,,
,,,,,,,
,,,,,,,
,,,,,,,
,,,,,,,
,,,,,,,
,,,,,,,
,,,,,,,
,,,,,,,
,,,,,,,
,,,,,,,
,,,,,,,
,,,,,,,
,,,,,,,
,,,,,,,
,,,,,,,
,,,,,,,
,,,,,,,
,,,,,,,
,,,,,,,
,,,,,,,
,,,,,,,
,,,,,,,
,,,,,,,
,,,,,,,
,,,,,,,
,,,,,,,
,,,,,,,
,,,,,,,
,,,,,,,
,,,,,,,
,,,,,,,
,,,,,,,
,,,,,,,
,,,,,,,
,,,,,,,
,,,,,,,
,,,,,,,
,,,,,,,
,,,,,,,
,,,,,,,
,,,,,,,
,,,,,,,
,,,,,,,
,,,,,,,
,,,,,,,
,,,,,,,
,,,,,,,
,,,,,,,
,,,,,,,
,,,,,,,
,,,,,,,
,,,,,,,
,,,,,,,
,,,,,,,
,,,,,,,
,,,,,,,
,,,,,,,
,,,,,,,
,,,,,,,
,,,,,,,
,,,,,,,
,,,,,,,
,,,,,,,
,,,,,,,
,,,,,,,
,,,,,,,
,,,,,,,
,,,,,,,
,,,,,,,
,,,,,,,
,,,,,,,
,,,,,,,
,,,,,,,
,,,,,,,
,,,,,,,
,,,,,,,
,,,,,,,
,,,,,,,
,,,,,,,
,,,,,,,
,,,,,,,
,,,,,,,
,,,,,,,
,,,,,,,
,,,,,,,
,,,,,,,
,,,,,,,
,,,,,,,
,,,,,,,
,,,,,,,
,,,,,,,
,,,,,,,
,,,,,,,
,,,,,,,
,,,,,,,
,,,,,,,
,,,,,,,
,,,,,,,
,,,,,,,
,,,,,,,
,,,,,,,
,,,,,,,
,,,,,,,
,,,,,,,
,,,,,,,
,,,,,,,
,,,,,,,
,,,,,,,
,,,,,,,
,,,,,,,
,,,,,,,
,,,,,,,
,,,,,,,
,,,,,,,
,,,,,,,
,,,,,,,
,,,,,,,
,,,,,,,
,,,,,,,
,,,,,,,
,,,,,,,
,,,,,,,
,,,,,,,
,,,,,,,
,,,,,,,
,,,,,,,
,,,,,,,
,,,,,,,
,,,,,,,
,,,,,,,
,,,,,,,
,,,,,,,
,,,,,,,
,,,,,,,
,,,,,,,
,,,,,,,
,,,,,,,
,,,,,,,
,,,,,,,
,,,,,,,
,,,,,,,
,,,,,,,
,,,,,,,
,,,,,,,
,,,,,,,
,,,,,,,
,,,,,,,
,,,,,,,
,,,,,,,
,,,,,,,
,,,,,,,
,,,,,,,
,,,,,,,
,,,,,,,
,,,,,,,
,,,,,,,
,,,,,,,
,,,,,,,
,,,,,,,
,,,,,,,
,,,,,,,
,,,,,,,
,,,,,,,
,,,,,,,
,,,,,,,
,,,,,,,
,,,,,,,
,,,,,,,
,,,,,,,
,,,,,,,
,,,,,,,
,,,,,,,
,,,,,,,
,,,,,,,
,,,,,,,
,,,,,,,
,,,,,,,
,,,,,,,
,,,,,,,
,,,,,,,
,,,,,,,
,,,,,,,
,,,,,,,
,,,,,,,
,,,,,,,
,,,,,,,
,,,,,,,
,,,,,,,
,,,,,,,
,,,,,,,
,,,,,,,
,,,,,,,
,,,,,,,
,,,,,,,
,,,,,,,
,,,,,,,
,,,,,,,
,,,,,,,
,,,,,,,
,,,,,,,
,,,,,,,
,,,,,,,
,,,,,,,
,,,,,,,
,,,,,,,
,,,,,,,
,,,,,,,
,,,,,,,
,,,,,,,
,,,,,,,
,,,,,,,
,,,,,,,
,,,,,,,
,,,,,,,
,,,,,,,
,,,,,,,
,,,,,,,
,,,,,,,
,,,,,,,
,,,,,,,
,,,,,,,
,,,,,,,
,,,,,,,
,,,,,,,
,,,,,,,
,,,,,,,
,,,,,,,
,,,,,,,
,,,,,,,
,,,,,,,
,,,,,,,
,,,,,,,
,,,,,,,
,,,,,,,
,,,,,,,
,,,,,,,
,,,,,,,
,,,,,,,
,,,,,,,
,,,,,,,
,,,,,,,
,,,,,,,
,,,,,,,
,,,,,,,
,,,,,,,
,,,,,,,
,,,,,,,
,,,,,,,
,,,,,,,
,,,,,,,
,,,,,,,
,,,,,,,
,,,,,,,
,,,,,,,
,,,,,,,
,,,,,,,
,,,,,,,
,,,,,,,
,,,,,,,
,,,,,,,
,,,,,,,
,,,,,,,
,,,,,,,
,,,,,,,
,,,,,,,
,,,,,,,
,,,,,,,
,,,,,,,
,,,,,,,
,,,,,,,
,,,,,,,
,,,,,,,
,,,,,,,
,,,,,,,
,,,,,,,
,,,,,,,
,,,,,,,
,,,,,,,
,,,,,,,
,,,,,,,
,,,,,,,
,,,,,,,
,,,,,,,
,,,,,,,
,,,,,,,
,,,,,,,
,,,,,,,
,,,,,,,
,,,,,,,
,,,,,,,
,,,,,,,
,,,,,,,
,,,,,,,
,,,,,,,
,,,,,,,
,,,,,,,
,,,,,,,
,,,,,,,
,,,,,,,
,,,,,,,
,,,,,,,
,,,,,,,
,,,,,,,
,,,,,,,
,,,,,,,
,,,,,,,
,,,,,,,
,,,,,,,
,,,,,,,
,,,,,,,
,,,,,,,
,,,,,,,
,,,,,,,
,,,,,,,
,,,,,,,
,,,,,,,
,,,,,,,
,,,,,,,
,,,,,,,
,,,,,,,
,,,,,,,
,,,,,,,
,,,,,,,
,,,,,,,
,,,,,,,
,,,,,,,
,,,,,,,
,,,,,,,
,,,,,,,
,,,,,,,
,,,,,,,
,,,,,,,
,,,,,,,
,,,,,,,
,,,,,,,
,,,,,,,
,,,,,,,
,,,,,,,
,,,,,,,
,,,,,,,
,,,,,,,
,,,,,,,
,,,,,,,
,,,,,,,
,,,,,,,
,,,,,,,
