date, value
01/12/2021,65.57
02/12/2021,66.5
03/12/2021,66.26
06/12/2021,69.49
07/12/2021,72.05
08/12/2021,72.36
09/12/2021,70.94
10/12/2021,71.67
13/12/2021,71.29
14/12/2021,70.73
15/12/2021,70.828
16/12/2021,72.288
17/12/2021,70.776
20/12/2021,68.534
21/12/2021,71.12
22/12/2021,72.76
23/12/2021,73.79
24/12/2021,73.79
26/12/2021,73.79
27/12/2021,75.57
28/12/2021,75.98
29/12/2021,76.56
30/12/2021,76.99
31/12/2021,75.21
03/01/2022,76.08
04/01/2022,76.99
05/01/2022,77.85
06/01/2022,79.46
07/01/2022,78.9
10/01/2022,78.23
11/01/2022,81.22
12/01/2022,82.64
13/01/2022,82.12
14/01/2022,83.716
18/01/2022,85.19
19/01/2022,86.264
20/01/2022,85.82
21/01/2022,85.14
24/01/2022,83.31
25/01/2022,85.6
26/01/2022,87.35
27/01/2022,86.61
28/01/2022,86.82
31/01/2022,88.15
01/02/2022,88.2
02/02/2022,88.26
03/02/2022,90.27
04/02/2022,92.31
07/02/2022,91.32
08/02/2022,89.36
09/02/2022,89.66
10/02/2022,89.88
11/02/2022,93.1
14/02/2022,95.46
15/02/2022,92.07
16/02/2022,93.66
17/02/2022,91.416
18/02/2022,90.726
21/02/2022,90.554
22/02/2022,91.998
23/02/2022,92.1
24/02/2022,92.81
25/02/2022,91.59
28/02/2022,95.72
01/03/2022,103.41
02/03/2022,110.6
03/03/2022,107.67
04/03/2022,115.68
07/03/2022,119.4
08/03/2022,123.7
09/03/2022,108.7
10/03/2022,106.02
11/03/2022,109.33
14/03/2022,103.01
15/03/2022,96.44
16/03/2022,95.04
17/03/2022,102.714
18/03/2022,104.056
21/03/2022,110.83
22/03/2022,109.768
23/03/2022,114.93
24/03/2022,112.34
25/03/2022,113.9
28/03/2022,105.96
29/03/2022,104.24
30/03/2022,107.82
31/03/2022,100.28
01/04/2022,99.27
04/04/2022,103.28
05/04/2022,101.96
06/04/2022,96.23
07/04/2022,96.03
08/04/2022,98.26
11/04/2022,94.29
12/04/2022,100.6
13/04/2022,104.25
14/04/2022,106.836
15/04/2022,106.95
18/04/2022,107.97
19/04/2022,102.254
20/04/2022,102.302
21/04/2022,103.79
22/04/2022,102.07
25/04/2022,98.54
26/04/2022,101.7
27/04/2022,102.02
28/04/2022,105.36
29/04/2022,104.69
02/05/2022,105.17
03/05/2022,102.41
04/05/2022,107.81
05/05/2022,108.26
06/05/2022,109.77
09/05/2022,103.09
10/05/2022,99.76
11/05/2022,105.71
12/05/2022,106.13
13/05/2022,110.49
16/05/2022,114.2
17/05/2022,111.846
18/05/2022,108.57
19/05/2022,110.818
20/05/2022,110.87
23/05/2022,110.29
24/05/2022,109.77
25/05/2022,110.33
26/05/2022,114.09
27/05/2022,115.07
31/05/2022,114.67
01/06/2022,115.26
02/06/2022,116.87
03/06/2022,118.87
06/06/2022,118.5
07/06/2022,119.41
08/06/2022,122.11
09/06/2022,121.51
10/06/2022,120.67
13/06/2022,120.93
14/06/2022,118.93
15/06/2022,115.31
16/06/2022,117.122
17/06/2022,108.932
20/06/2022,108.618
21/06/2022,109.746
22/06/2022,106.19
23/06/2022,104.27
24/06/2022,107.62
27/06/2022,106.3706
28/06/2022,110.0287
29/06/2022,111.8361
30/06/2022,109.5467
01/07/2022,105.9726
04/07/2022,108.1883
05/07/2022,110.3528
06/07/2022,101.0279
07/07/2022,98.2402
08/07/2022,102.4885
11/07/2022,104.4933
12/07/2022,103.0596
13/07/2022,94.5368
14/07/2022,95.587
15/07/2022,96.4966
18/07/2022,97.2274
19/07/2022,104.22
20/07/2022,102.26
21/07/2022,96.24
22/07/2022,94.7
25/07/2022,96.16
26/07/2022,95.69
27/07/2022,98.07
28/07/2022,97.4
29/07/2022,98.62
01/08/2022,93.74
02/08/2022,93.9
03/08/2022,91.16
04/08/2022,87.87
05/08/2022,89.01
08/08/2022,90.52
09/08/2022,90.49
10/08/2022,91.48
11/08/2022,93.96
12/08/2022,92.45
15/08/2022,92.45
16/08/2022,86.87
17/08/2022,87.68
18/08/2022,90.75
19/08/2022,90.77
22/08/2022,90.23
23/08/2022,93.77
24/08/2022,95.24
25/08/2022,92.92
26/08/2022,93.06
29/08/2022,96.79
30/08/2022,91.99
31/08/2022,89.2
01/09/2022,87.05
02/09/2022,86.87
05/09/2022,89.03
06/09/2022,86.79
07/09/2022,81.93
08/09/2022,82.96
09/09/2022,86.79
12/09/2022,88.03
13/09/2022,87.61
14/09/2022,88.93
15/09/2022,84.58
16/09/2022,85.11
19/09/2022,85.65
20/09/2022,84.45
21/09/2022,82.81
22/09/2022,83.57
23/09/2022,78.74
26/09/2022,76.72
27/09/2022,78.5
28/09/2022,81.71
29/09/2022,81.69
30/09/2022,79.49
03/10/2022,83.35
04/10/2022,86.47
05/10/2022,88.16
06/10/2022,88.87
07/10/2022,92.64
10/10/2022,90.86
11/10/2022,88.64
12/10/2022,87.22
13/10/2022,89.04
14/10/2022,85.61
17/10/2022,85.96
18/10/2022,83.75
19/10/2022,85.98
20/10/2022,85.98
21/10/2022,85.05
24/10/2022,84.92
25/10/2022,84.79
26/10/2022,88.2
27/10/2022,88.55
28/10/2022,87.9
31/10/2022,86.18
01/11/2022,88.68
02/11/2022,88.93
03/11/2022,87.96
04/11/2022,92.61
07/11/2022,91.79
08/11/2022,88.91
09/11/2022,85.83
10/11/2022,86.47
11/11/2022,88.86
14/11/2022,85.87
15/11/2022,86.82
16/11/2022,85.59
17/11/2022,81.64
18/11/2022,80.08
21/11/2022,79.73
22/11/2022,80.95
23/11/2022,77.94
24/11/2022,77.96
25/11/2022,76.55
28/11/2022,77.24
29/11/2022,78.91
30/11/2022,80.55
01/12/2022,81.41
02/12/2022,80.34
05/12/2022,76.93
06/12/2022,74.45
07/12/2022,72.01
08/12/2022,71.79
09/12/2022,71.59
12/12/2022,73.3
13/12/2022,75.39
14/12/2022,77.28
15/12/2022,76.37
16/12/2022,74.5
19/12/2022,75.67
20/12/2022,76.02
21/12/2022,78.42
22/12/2022,78.24
23/12/2022,79.35
26/12/2022,79.56
27/12/2022,79.87
28/12/2022,78.96
29/12/2022,78.71
30/12/2022,80.51
02/01/2023,80.26
03/01/2023,77.21
04/01/2023,72.84
05/01/2023,73.67
06/01/2023,73.73
09/01/2023,74.63
10/01/2023,74.71
11/01/2023,77.71
12/01/2023,78.39
13/01/2023,80.07
16/01/2023,78.85
17/01/2023,80.18
18/01/2023,79.48
19/01/2023,80.58
20/01/2023,81.4
23/01/2023,81.62
24/01/2023,80.26
25/01/2023,80.15
26/01/2023,81.01
27/01/2023,79.38
30/01/2023,77.9
31/01/2023,78.87
01/02/2023,76.7
02/02/2023,76
03/02/2023,73.23
06/02/2023,74.46
07/02/2023,77.59
08/02/2023,78.48
09/02/2023,77.66
10/02/2023,79.76
13/02/2023,79.16
14/02/2023,78.84
15/02/2023,78.5
16/02/2023,78.49
17/02/2023,76.33
20/02/2023,77.13
21/02/2023,76.05
22/02/2023,73.95
23/02/2023,75.39
24/02/2023,76.45
27/02/2023,75.68
28/02/2023,77.05
01/03/2023,77.69
02/03/2023,77.88
03/03/2023,79.85
06/03/2023,80.46
07/03/2023,77.58
08/03/2023,76.48
09/03/2023,75.72
10/03/2023,76.68
13/03/2023,74.63
14/03/2023,71.9
15/03/2023,68.26
16/03/2023,68.24
17/03/2023,66.74
20/03/2023,67.44
21/03/2023,69.33
22/03/2023,69.97
23/03/2023,69.54
24/03/2023,69.26
27/03/2023,72.81
28/03/2023,73.74
29/03/2023,72.87
30/03/2023,74.39
31/03/2023,75.67
03/04/2023,80.41
04/04/2023,81.02
05/04/2023,80.51
06/04/2023,80.7
07/04/2023,80.7
10/04/2023,79.85
11/04/2023,81.47
12/04/2023,83.13
13/04/2023,82.28
14/04/2023,82.52
17/04/2023,80.86
18/04/2023,80.93
19/04/2023,78.88
20/04/2023,77.29
21/04/2023,77.87
24/04/2023,78.59
25/04/2023,77.07
26/04/2023,74.41
27/04/2023,74.79
28/04/2023,76.78
01/05/2023,75.62
02/05/2023,71.62
03/05/2023,67.24
04/05/2023,68.74
05/05/2023,71.34
08/05/2023,73
09/05/2023,73.61
10/05/2023,72.89
11/05/2023,71.32
12/05/2023,70.04
15/05/2023,71.48
16/05/2023,70.63
17/05/2023,72.68
18/05/2023,71.99
19/05/2023,71.55
22/05/2023,71.99
23/05/2023,73.81
24/05/2023,74.21
25/05/2023,71.79
26/05/2023,72.67
29/05/2023,72.94
30/05/2023,69.54
31/05/2023,67.69
01/06/2023,70.07
02/06/2023,71.74
05/06/2023,71.94
06/06/2023,71.76
07/06/2023,72.42
08/06/2023,70.89
09/06/2023,70.17
12/06/2023,67.35
13/06/2023,69.42
14/06/2023,68.52
15/06/2023,70.68
16/06/2023,71.78
19/06/2023,71.29
20/06/2023,70.5
21/06/2023,72.52
22/06/2023,69.36
23/06/2023,69.16
26/06/2023,69.53
27/06/2023,68.03
28/06/2023,69.56
29/06/2023,69.59
30/06/2023,70.64
03/07/2023,69.79
04/07/2023,71.05
05/07/2023,71.79
06/07/2023,71.84
07/07/2023,73.86
10/07/2023,74.1
11/07/2023,74.83
12/07/2023,75.75
13/07/2023,77.23
14/07/2023,75.27
17/07/2023,74.1
18/07/2023,75.75
19/07/2023,75.23
20/07/2023,75.63
21/07/2023,77.07
24/07/2023,78.87
25/07/2023,79.32
26/07/2023,79.01
27/07/2023,79.63
28/07/2023,80.67
31/07/2023,81.64
01/08/2023,82.25
02/08/2023,79.71
03/08/2023,81.79
04/08/2023,82.82
07/08/2023,81.94
08/08/2023,82.75
09/08/2023,84.26
10/08/2023,82.89
11/08/2023,83.19
14/08/2023,82.39
15/08/2023,80.99
16/08/2023,79.38
17/08/2023,80.08
18/08/2023,81.25
21/08/2023,80.83
22/08/2023,80.25
23/08/2023,78.62
24/08/2023,79.05
25/08/2023,80.05
28/08/2023,80.01
29/08/2023,81.37
30/08/2023,81.63
31/08/2023,83.57
01/09/2023,85.55
04/09/2023,85.84
05/09/2023,86.81
06/09/2023,87.66
07/09/2023,86.7
08/09/2023,87.51
11/09/2023,87.3
12/09/2023,88.84
13/09/2023,88.7
14/09/2023,90.53
15/09/2023,90.77
18/09/2023,92.36
19/09/2023,91.56
20/09/2023,90.28
21/09/2023,89.76
22/09/2023,90.03
25/09/2023,89.78
26/09/2023,90.57
27/09/2023,93.84
28/09/2023,91.79
29/09/2023,90.79
02/10/2023,88.47
03/10/2023,89.39
04/10/2023,84.37
05/10/2023,82.89
06/10/2023,82.79
09/10/2023,86.45
10/10/2023,85.92
11/10/2023,83.2
12/10/2023,83.46
13/10/2023,87.69
16/10/2023,86.82
17/10/2023,88.06
18/10/2023,88.25
19/10/2023,90.3
20/10/2023,88.75
23/10/2023,86.51
24/10/2023,83.7
25/10/2023,85.39
26/10/2023,83.58
27/10/2023,85.54
30/10/2023,82.31
31/10/2023,81.02
01/11/2023,80.92
02/11/2023,82.53
03/11/2023,80.51
06/11/2023,80.82
07/11/2023,77.46
08/11/2023,75.45
09/11/2023,75.74
10/11/2023,77.17
13/11/2023,78.58
14/11/2023,78.26
15/11/2023,76.66
16/11/2023,72.9
17/11/2023,75.84
20/11/2023,78.03
24/11/2023,75.57
27/11/2023,75.67
28/11/2023,75.16
29/11/2023,76.59
30/11/2023,77.7
01/12/2023,75.63
04/12/2023,74.84
05/12/2023,73.24
06/12/2023,72.16
07/12/2023,69.34
08/12/2023,71.26
11/12/2023,71.32
12/12/2023,68.61
13/12/2023,69.47
14/12/2023,71.58
15/12/2023,71.79
18/12/2023,72.47
19/12/2023,73.58
20/12/2023,74.22
21/12/2023,73.89
22/12/2023,73.49
25/12/2023,73.56
26/12/2023,75.57
27/12/2023,74.11
28/12/2023,71.77
29/12/2023,71.33
01/01/2024,71.65
02/01/2024,70.38
03/01/2024,72.7
04/01/2024,72.19
05/01/2024,73.95
08/01/2024,70.77
09/01/2024,72.24
10/01/2024,71.37
11/01/2024,72.02
12/01/2024,72.76
15/01/2024,72.5
16/01/2024,72.4
17/01/2024,72.56
18/01/2024,74.08
19/01/2024,73.71
22/01/2024,75.01
23/01/2024,74.37
24/01/2024,75.09
25/01/2024,77.12
26/01/2024,78.23
29/01/2024,76.78
30/01/2024,77.79
31/01/2024,75.85
01/02/2024,73.82
02/02/2024,72.41
05/02/2024,72.78
06/02/2024,73.31
07/02/2024,73.86
08/02/2024,76.22
09/02/2024,76.6
12/02/2024,76.92
13/02/2024,77.87
14/02/2024,76.64
15/02/2024,78.03
16/02/2024,79.22
19/02/2024,79.29
20/02/2024,78.27
21/02/2024,77.91
22/02/2024,78.61
23/02/2024,76.57
26/02/2024,77.6
27/02/2024,78.87
28/02/2024,78.54
29/02/2024,78.26
01/03/2024,79.81
04/03/2024,78.74
05/03/2024,78.15
06/03/2024,79.13
07/03/2024,78.93
08/03/2024,78.01
11/03/2024,78.11
12/03/2024,77.98
13/03/2024,79.72
14/03/2024,81.08
15/03/2024,81.04
18/03/2024,82.79
19/03/2024,83.12
20/03/2024,81.68
21/03/2024,80.93
22/03/2024,80.82
25/03/2024,81.95
26/03/2024,81.28
27/03/2024,81.35
28/03/2024,83.11
29/03/2024,83.17
01/04/2024,83.71
02/04/2024,85.15
03/04/2024,85.56
04/04/2024,87.01
05/04/2024,86.91
08/04/2024,86.66
09/04/2024,85.31
10/04/2024,86.21
11/04/2024,86.31
12/04/2024,85.46
15/04/2024,85.66
16/04/2024,85.82
17/04/2024,85.38
18/04/2024,82.75
19/04/2024,82.57
22/04/2024,83.26
23/04/2024,82.85
24/04/2024,83.48
25/04/2024,82.82
26/04/2024,83.75
29/04/2024,83.33
30/04/2024,81.93
01/05/2024,79.05
02/05/2024,78.95
03/05/2024,78.11
06/05/2024,78.48
07/05/2024,78.38
08/05/2024,79.25
09/05/2024,79.64
10/05/2024,78.26
13/05/2024,79.14
14/05/2024,78.41
15/05/2024,78.93
16/05/2024,79.38
17/05/2024,80.06
20/05/2024,79.65
21/05/2024,79.06
22/05/2024,77.57
23/05/2024,76.91
24/05/2024,77.72
27/05/2024,78.55
28/05/2024,79.83
29/05/2024,79.23
30/05/2024,77.91
31/05/2024,76.99
03/06/2024,74.22
04/06/2024,72.95
05/06/2024,74.44
06/06/2024,75.55
07/06/2024,75.53
10/06/2024,77.74
11/06/2024,78.17
12/06/2024,78.31
13/06/2024,77.79
14/06/2024,78.49
17/06/2024,80.38
18/06/2024,81.61
19/06/2024,81.3
20/06/2024,82.34
21/06/2024,80.73
24/06/2024,81.65
25/06/2024,80.74
26/06/2024,80.65
27/06/2024,81.74
28/06/2024,81.46
01/07/2024,83.41
02/07/2024,83.01
03/07/2024,83.88
04/07/2024,84.06
05/07/2024,83.16
08/07/2024,82.22
09/07/2024,81.64
10/07/2024,82.45
11/07/2024,82.62
12/07/2024,82.21
15/07/2024,81.8
16/07/2024,80.76
17/07/2024,83.23
18/07/2024,82.33
19/07/2024,80.13
22/07/2024,79.78
23/07/2024,77.38
24/07/2024,77.59
25/07/2024,78.28
26/07/2024,77.16
29/07/2024,75.68
30/07/2024,75.27
31/07/2024,77.91
01/08/2024,76.31
02/08/2024,73.52
05/08/2024,74.27
06/08/2024,73.2
07/08/2024,75.28
08/08/2024,76.06
09/08/2024,76.84
12/08/2024,79.64
13/08/2024,78.35
14/08/2024,77.32
15/08/2024,77.9
16/08/2024,76.65
19/08/2024,74.34
20/08/2024,74.04
21/08/2024,71.89
22/08/2024,73.07
23/08/2024,74.83
26/08/2024,77.15
27/08/2024,75.73
28/08/2024,74.38
29/08/2024,75.76
30/08/2024,73.65
02/09/2024,74.04
03/09/2024,70.22
04/09/2024,69.3
05/09/2024,69.32
06/09/2024,67.67
09/09/2024,68.78
10/09/2024,66.37
11/09/2024,67.28
12/09/2024,69.29
13/09/2024,68.65
16/09/2024,70.44
17/09/2024,71.13
18/09/2024,70.16
19/09/2024,71.9
20/09/2024,71.92
23/09/2024,70.56
24/09/2024,71.58
25/09/2024,69.84
26/09/2024,67.46
27/09/2024,68.18
30/09/2024,68.27
01/10/2024,70.76
02/10/2024,71.01
03/10/2024,73.84
04/10/2024,74.38
07/10/2024,77.48
08/10/2024,73.9
09/10/2024,73.39
10/10/2024,75.71
11/10/2024,75.56
14/10/2024,71.71
15/10/2024,71.09
16/10/2024,70.76
17/10/2024,70.87
18/10/2024,69.22
21/10/2024,70.54
22/10/2024,72.09
23/10/2024,71.19
24/10/2024,70.42
25/10/2024,71.78
28/10/2024,67.91
29/10/2024,67.5
30/10/2024,68.96
31/10/2024,70.62
01/11/2024,69.49
04/11/2024,71.47
05/11/2024,72
06/11/2024,71.9
07/11/2024,72.19
08/11/2024,70.43
11/11/2024,68.04
12/11/2024,67.97
13/11/2024,68.04
14/11/2024,68.62
15/11/2024,66.95
18/11/2024,69.1
19/11/2024,69.5
20/11/2024,68.95
21/11/2024,70.1
22/11/2024,71.18
25/11/2024,69.08
26/11/2024,68.96
27/11/2024,68.77
28/11/2024,68.88
29/11/2024,68.15
02/12/2024,68.17
03/12/2024,69.97
04/12/2024,68.73
05/12/2024,68.45
06/12/2024,67.17
09/12/2024,68.16
10/12/2024,68.47
11/12/2024,70.38
12/12/2024,70.01
13/12/2024,71.09
16/12/2024,70.71
17/12/2024,70.08
18/12/2024,70
19/12/2024,69.85
20/12/2024,69.58
23/12/2024,69.55
24/12/2024,70.17
25/12/2024,70.1
26/12/2024,69.64
27/12/2024,70.26
30/12/2024,71.13
31/12/2024,71.87
01/01/2025,71.72
02/01/2025,73.12
03/01/2025,74.07
06/01/2025,73.56
07/01/2025,74.42
08/01/2025,73.32
09/01/2025,73.47
10/01/2025,76.57
13/01/2025,78.78
14/01/2025,78.09
15/01/2025,80.04
16/01/2025,78.68
17/01/2025,78.04
20/01/2025,76.89
21/01/2025,76.09
22/01/2025,75.44
23/01/2025,74.62
24/01/2025,74.6
27/01/2025,73.17
28/01/2025,73.85
29/01/2025,72.9
30/01/2025,72.72
31/01/2025,73.81
03/02/2025,73.16
04/02/2025,72.7
05/02/2025,71.03
06/02/2025,70.61
07/02/2025,71.06
10/02/2025,72.32
11/02/2025,73.32
12/02/2025,71.37
13/02/2025,71.29
14/02/2025,70.57
17/02/2025,71.39
18/02/2025,71.85
19/02/2025,72.25
20/02/2025,72.53
21/02/2025,70.25
24/02/2025,70.7
25/02/2025,68.93
26/02/2025,68.62
27/02/2025,70.35
28/02/2025,69.95
03/03/2025,69.48
04/03/2025,67.75
05/03/2025,66.43
06/03/2025,66.27
07/03/2025,67.05
12/03/2025,67.67
13/03/2025,66.6
14/03/2025,67.17
17/03/2025,67.5
18/03/2025,66.89
19/03/2025,67.28
20/03/2025,68.3
21/03/2025,68.19
24/03/2025,69.22
25/03/2025,69.12
26/03/2025,69.72
27/03/2025,69.88
28/03/2025,69.15
31/03/2025,71.47
01/04/2025,71.22
02/04/2025,71.81
03/04/2025,66.77
04/04/2025,62.86
07/04/2025,60.92
08/04/2025,57.31
09/04/2025,62.98
10/04/2025,59.98
11/04/2025,61.5
14/04/2025,61.53
15/04/2025,61.35
16/04/2025,62.92
17/04/2025,64.68
18/04/2025,64.68
21/04/2025,63.59
22/04/2025,64.31
23/04/2025,62.28
24/04/2025,62.83
25/04/2025,63.02
28/04/2025,62.01
29/04/2025,60.42
30/04/2025,58.21
01/05/2025,59.24
02/05/2025,58.29
05/05/2025,57.17
06/05/2025,59.58
07/05/2025,58.01
08/05/2025,60.11
09/05/2025,61.06
12/05/2025,61.95
13/05/2025,63.64
14/05/2025,61.99
15/05/2025,61.62
16/05/2025,62.49
19/05/2025,62.75
20/05/2025,62.56
21/05/2025,61.32
22/05/2025,61.2
23/05/2025,61.53
26/05/2025,61.53
